Type,Days for shipping (real),Days for shipment (scheduled),Benefit per order,Sales per customer,Delivery Status,Late_delivery_risk,Category Id
DEBIT,3,4,91.25,314.6400146,Advance shipping,0,73
TRANSFER,5,4,-249.0899963,311.3599854,Late delivery,1,73
CASH,4,4,-247.7799988,309.7200012,Shipping on time,0,73
DEBIT,3,4,22.86000061,304.8099976,Advance shipping,0,73
PAYMENT,2,4,134.2100067,298.25,Advance shipping,0,73
TRANSFER,6,4,18.57999992,294.980011,Shipping canceled,0,73
DEBIT,2,1,95.18000031,288.4200134,Late delivery,1,73
TRANSFER,2,1,68.43000031,285.1400146,Late delivery,1,73
CASH,3,2,133.7200012,278.5899963,Late delivery,1,73
CASH,2,1,132.1499939,275.3099976,Late delivery,1,73
TRANSFER,6,2,130.5800018,272.0299988,Shipping canceled,0,73
TRANSFER,5,2,45.68999863,268.7600098,Late delivery,1,73
TRANSFER,4,2,21.76000023,262.2000122,Late delivery,1,73
DEBIT,2,1,24.57999992,245.8099976,Late delivery,1,73
TRANSFER,2,1,16.38999939,327.75,Late delivery,1,73
DEBIT,2,1,-259.5799866,324.4700012,Late delivery,1,73
PAYMENT,5,2,-246.3600006,321.2000122,Late delivery,1,73
CASH,2,1,23.84000015,317.9200134,Late delivery,1,73
DEBIT,2,1,102.2600021,314.6400146,Late delivery,1,73
PAYMENT,0,0,87.18000031,311.3599854,Shipping on time,0,73
TRANSFER,0,0,154.8600006,309.7200012,Shipping on time,0,73
TRANSFER,5,4,82.30000305,304.8099976,Late delivery,1,73
TRANSFER,4,2,22.37000084,298.25,Late delivery,1,73
TRANSFER,3,2,17.70000076,294.980011,Shipping canceled,0,73
TRANSFER,2,2,90.27999878,288.4200134,Shipping canceled,0,73
DEBIT,6,2,131.1699982,285.1400146,Late delivery,1,73
TRANSFER,5,2,90.54000092,278.5899963,Late delivery,1,73
PAYMENT,4,4,82.58999634,275.3099976,Shipping on time,0,73
DEBIT,3,4,-17.13999939,272.0299988,Advance shipping,0,73
TRANSFER,2,4,23.64999962,268.7600098,Advance shipping,0,73
DEBIT,6,4,73.41999817,262.2000122,Late delivery,1,73
DEBIT,5,4,113.0699997,245.8099976,Late delivery,1,73
PAYMENT,4,4,24.57999992,327.75,Shipping on time,0,73
DEBIT,2,1,-97.33999634,324.4700012,Late delivery,1,73
PAYMENT,2,1,-425.5799866,321.2000122,Late delivery,1,73
PAYMENT,2,1,152.6000061,317.9200134,Late delivery,1,73
CASH,2,1,151.0299988,314.6400146,Late delivery,1,73
DEBIT,2,1,62.27000046,311.3599854,Late delivery,1,73
DEBIT,1,0,35,309.7200012,Late delivery,1,73
TRANSFER,1,0,57.29999924,304.8099976,Shipping canceled,0,73
PAYMENT,1,0,143.1600037,298.25,Late delivery,1,73
DEBIT,1,0,135.6900024,294.980011,Late delivery,1,73
CASH,4,4,132.6699982,288.4200134,Shipping on time,0,73
PAYMENT,3,4,119.7600021,285.1400146,Advance shipping,0,73
DEBIT,2,4,31.47999954,278.5899963,Advance shipping,0,73
TRANSFER,6,4,86.16999817,275.3099976,Late delivery,1,73
TRANSFER,5,2,130.5800018,272.0299988,Late delivery,1,73
TRANSFER,4,4,0,268.7600098,Shipping on time,0,73
PAYMENT,5,2,-30.75,115.1800003,Late delivery,1,17
PAYMENT,2,2,-122.7300034,79.18000031,Shipping on time,0,29
PAYMENT,6,2,33.59999847,96,Late delivery,1,24
PAYMENT,2,2,24.69000053,75.98000336,Shipping on time,0,29
PAYMENT,3,2,9.100000381,91,Late delivery,1,24
PAYMENT,5,2,-21.75,87,Late delivery,1,24
PAYMENT,6,2,6.150000095,82,Late delivery,1,24
PAYMENT,2,2,22.40999985,74.68000031,Shipping on time,0,13
PAYMENT,5,2,25.23999977,90.15000153,Late delivery,1,12
PAYMENT,6,2,30.5699997,117.5800018,Late delivery,1,17
PAYMENT,4,2,46.0699997,95.98000336,Late delivery,1,17
PAYMENT,2,2,-184.7799988,263.9700012,Shipping on time,0,9
PAYMENT,5,2,38.75,113.9700012,Late delivery,1,29
PAYMENT,5,2,-3.650000095,63.99000168,Late delivery,1,41
PAYMENT,5,2,38.22999954,79.66000366,Late delivery,1,37
PAYMENT,3,2,129.3500061,293.9700012,Late delivery,1,9
PAYMENT,2,2,132.2899933,269.9700012,Shipping on time,0,9
PAYMENT,6,2,76.04000092,224.9799957,Late delivery,1,9
PAYMENT,4,2,81.12999725,176.3699951,Late delivery,1,17
PAYMENT,2,2,43.52000046,167.3699951,Shipping on time,0,17
PAYMENT,3,2,68.77999878,163.7700043,Late delivery,1,17
PAYMENT,3,2,40.49000168,161.9700012,Late delivery,1,17
PAYMENT,2,2,20.93000031,139.5,Shipping on time,0,24
PAYMENT,4,2,12.19999981,107.9700012,Late delivery,1,29
PAYMENT,3,2,12.71000004,112.5,Late delivery,1,24
PAYMENT,6,2,7.760000229,55.40999985,Late delivery,1,41
PAYMENT,6,2,101.3899994,299.9700012,Late delivery,1,9
PAYMENT,5,2,-285.0700073,178.1699982,Late delivery,1,17
PAYMENT,4,2,42.74000168,170.9700012,Late delivery,1,17
PAYMENT,5,2,49.3199997,170.0700073,Late delivery,1,17
PAYMENT,5,2,80.33999634,167.3699951,Late delivery,1,17
PAYMENT,5,2,-26.69000053,163.7700043,Late delivery,1,17
PAYMENT,3,2,-117.3300018,152.9700012,Late delivery,1,17
PAYMENT,4,2,47.88000107,152.9700012,Late delivery,1,17
PAYMENT,4,2,72,150,Late delivery,1,24
PAYMENT,4,2,29.94000053,115.1699982,Late delivery,1,29
PAYMENT,4,2,23.46999931,144,Late delivery,1,24
PAYMENT,5,2,68.40000153,142.5,Late delivery,1,24
PAYMENT,6,2,43.65999985,139.5,Late delivery,1,24
PAYMENT,2,2,13.19999981,132,Shipping on time,0,24
PAYMENT,4,2,46.20000076,132,Late delivery,1,24
PAYMENT,4,2,10.43999958,130.5,Late delivery,1,24
PAYMENT,4,2,15.56000042,124.5,Late delivery,1,24
PAYMENT,4,2,32.86000061,99.58000183,Late delivery,1,29
TRANSFER,5,4,9.600000381,240,Late delivery,1,24
TRANSFER,6,4,55.09000015,189.9499969,Late delivery,1,29
TRANSFER,4,4,68.58999634,188.9499969,Shipping on time,0,29
TRANSFER,2,4,51.97999954,236.25,Advance shipping,0,24
TRANSFER,6,4,-23.62999916,236.25,Late delivery,1,24
TRANSFER,2,4,66.88999939,136.5,Advance shipping,0,29
TRANSFER,3,4,11.46000004,181.9499969,Advance shipping,0,29
TRANSFER,5,4,22.5,225,Late delivery,1,24
TRANSFER,4,4,67.5,225,Shipping on time,0,24
TRANSFER,3,4,78.27999878,173.9600067,Advance shipping,0,29
TRANSFER,3,4,104.4000015,217.5,Advance shipping,0,24
TRANSFER,3,4,47.84999847,217.5,Advance shipping,0,24
TRANSFER,4,4,44.18999863,169.9600067,Shipping on time,0,29
TRANSFER,2,4,8.5,212.5,Advance shipping,0,24
TRANSFER,4,4,83.98000336,167.9600067,Shipping on time,0,29
TRANSFER,5,4,70.13999939,207.5,Late delivery,1,24
TRANSFER,6,4,72.62999725,207.5,Late delivery,1,24
TRANSFER,4,4,-140,200,Shipping on time,0,24
TRANSFER,5,4,-32.59999847,200,Late delivery,1,24
TRANSFER,4,4,68.98000336,149.9600067,Shipping on time,0,29
TRANSFER,3,4,-11.81000042,187.5,Advance shipping,0,24
TRANSFER,6,4,52.5,187.5,Late delivery,1,24
TRANSFER,3,4,91.87999725,187.5,Advance shipping,0,24
TRANSFER,5,4,29.69000053,237.5500031,Late delivery,1,37
TRANSFER,4,4,73.69999695,153.5500031,Shipping on time,0,37
TRANSFER,6,4,-79.19000244,395.9599915,Late delivery,1,38
TRANSFER,4,4,34.84999847,124.4599991,Shipping on time,0,44
TRANSFER,2,4,74.08999634,284.9500122,Advance shipping,0,3
TRANSFER,5,4,149.9900055,499.9500122,Late delivery,1,9
TRANSFER,4,4,-18.80999947,494.9500122,Shipping on time,0,9
TRANSFER,5,4,140.6399994,484.9500122,Late delivery,1,9
TRANSFER,2,4,36,479.9500122,Advance shipping,0,9
TRANSFER,5,4,179.9799957,479.9500122,Late delivery,1,9
TRANSFER,4,4,-783.6699829,474.9500122,Shipping on time,0,9
TRANSFER,6,4,199.4799957,474.9500122,Late delivery,1,9
TRANSFER,6,4,-269.9700012,449.9599915,Late delivery,1,9
TRANSFER,2,4,-22.5,449.9599915,Advance shipping,0,9
TRANSFER,3,4,59.06000137,337.4599915,Advance shipping,0,12
TRANSFER,2,4,140.9799957,299.9500122,Advance shipping,0,17
TRANSFER,2,4,81.66000366,296.9500122,Advance shipping,0,17
TRANSFER,6,4,18.40999985,296.9500122,Late delivery,1,17
TRANSFER,3,4,33.22000122,293.9500122,Advance shipping,0,17
TRANSFER,5,4,25.30999947,290.9500122,Late delivery,1,17
TRANSFER,5,4,-239.8600006,287.9500122,Late delivery,1,17
TRANSFER,5,4,-155.8999939,283.4500122,Late delivery,1,17
DEBIT,6,2,40.02000046,86.98999786,Late delivery,1,9
DEBIT,6,2,44.59000015,127.3899994,Late delivery,1,18
DEBIT,3,2,57.95999908,118.2900009,Late delivery,1,18
DEBIT,5,2,30.42000008,116.9899979,Late delivery,1,18
DEBIT,6,2,24.60000038,49.18999863,Late delivery,1,17
DEBIT,4,2,48.88000107,103.9899979,Late delivery,1,18
DEBIT,4,2,0,296.980011,Late delivery,1,43
DEBIT,5,2,95.54000092,293.980011,Late delivery,1,43
DEBIT,3,2,-50.58000183,252.8800049,Late delivery,1,65
DEBIT,4,2,120.8300018,447.519989,Late delivery,1,62
DEBIT,3,2,25.04000092,250.3500061,Late delivery,1,65
DEBIT,6,2,212.6399994,443,Late delivery,1,62
DEBIT,3,2,68.68000031,245.2899933,Late delivery,1,65
DEBIT,6,2,135.8300018,433.9599915,Late delivery,1,62
DEBIT,6,2,78.08000183,240.2400055,Late delivery,1,65
DEBIT,5,2,595.3499756,1417.5,Late delivery,1,64
DEBIT,2,2,21.36000061,427.1799927,Shipping on time,0,62
DEBIT,3,2,213.5899963,427.1799927,Late delivery,1,62
DEBIT,5,2,55.79999924,1395,Late delivery,1,64
DEBIT,4,2,126.1200027,420.3999939,Late delivery,1,62
DEBIT,2,2,6.900000095,230.1199951,Shipping on time,0,65
DEBIT,4,2,-277.6700134,411.3599854,Late delivery,1,62
DEBIT,4,2,105.8600006,230.1199951,Late delivery,1,65
DEBIT,5,2,86,1365,Late delivery,1,64
DEBIT,2,2,195.2799988,406.8399963,Shipping on time,0,62
DEBIT,6,2,22.76000023,227.5899963,Late delivery,1,65
DEBIT,4,2,180.5899963,384.230011,Late delivery,1,62
DEBIT,3,2,101.0299988,214.9499969,Late delivery,1,65
DEBIT,3,2,118.8499985,379.7099915,Late delivery,1,62
DEBIT,6,2,60.86999893,209.8899994,Late delivery,1,65
DEBIT,5,2,73.45999908,209.8899994,Late delivery,1,65
DEBIT,5,2,39.88000107,209.8899994,Late delivery,1,65
DEBIT,4,2,177.9199982,370.6700134,Late delivery,1,62
DEBIT,3,2,129.7400055,370.6700134,Late delivery,1,62
DEBIT,6,2,62.20999908,207.3600006,Late delivery,1,65
DEBIT,5,2,90,1200,Late delivery,1,64
DEBIT,2,2,118.6600037,339.0299988,Shipping on time,0,62
DEBIT,5,2,415.7999878,989.9899902,Late delivery,1,4
DEBIT,5,2,8.619999886,78.38999939,Late delivery,1,2
DEBIT,6,2,16.34000015,52.18999863,Late delivery,1,3
DEBIT,4,2,12.52999973,43.18999863,Late delivery,1,13
DEBIT,5,2,25.92000008,95.98999786,Late delivery,1,9
DEBIT,4,2,-13.57999992,94.98999786,Late delivery,1,9
DEBIT,4,2,10.03999996,41.84000015,Late delivery,1,13
DEBIT,5,2,10.80000019,89.98999786,Late delivery,1,9
DEBIT,5,2,16.71999931,87.98999786,Late delivery,1,9
TRANSFER,5,4,28.85000038,128.2200012,Shipping canceled,0,13
TRANSFER,5,4,133.9100037,278.9700012,Shipping canceled,0,9
TRANSFER,6,4,79.16000366,272.9700012,Shipping canceled,0,9
TRANSFER,5,4,19.11000061,272.9700012,Shipping canceled,0,9
TRANSFER,2,4,10.77000046,170.9700012,Shipping canceled,0,17
TRANSFER,3,4,-284.5299988,167.3699951,Shipping canceled,0,17
TRANSFER,3,4,69.68000031,158.3699951,Shipping canceled,0,17
TRANSFER,2,4,7.480000019,118.7699966,Shipping canceled,0,29
TRANSFER,3,4,11.02999973,73.5,Shipping canceled,0,26
TRANSFER,6,4,-24.8199997,132,Shipping canceled,0,24
TRANSFER,5,4,33,132,Shipping canceled,0,24
TRANSFER,6,4,36.54000092,130.5,Shipping canceled,0,24
TRANSFER,4,4,-76.37000275,99.58000183,Shipping canceled,0,29
TRANSFER,2,4,8.760000229,99.58000183,Shipping canceled,0,29
TRANSFER,4,4,36.36999893,74.22000122,Shipping canceled,0,40
TRANSFER,6,4,18.12999916,40.29000092,Shipping canceled,0,41
TRANSFER,2,4,-12.98999977,227.9600067,Shipping canceled,0,17
TRANSFER,6,4,74.04000092,203.9700012,Shipping canceled,0,17
TRANSFER,4,4,90,200,Shipping canceled,0,24
TRANSFER,4,4,-2.190000057,156.7599945,Shipping canceled,0,29
TRANSFER,5,4,85.05000305,189,Shipping canceled,0,24
TRANSFER,2,4,3.039999962,79.97000122,Shipping canceled,0,40
TRANSFER,2,4,-266.7900085,363.9599915,Advance shipping,0,9
TRANSFER,4,4,64.79000092,239.9600067,Shipping on time,0,17
TRANSFER,5,4,83.62000275,230.3600006,Late delivery,1,17
TRANSFER,5,4,74.08999634,227.9600067,Late delivery,1,17
TRANSFER,2,4,92.97000122,226.7599945,Advance shipping,0,17
TRANSFER,5,4,70.55999756,208.7700043,Late delivery,1,17
TRANSFER,6,4,96,200,Late delivery,1,24
TRANSFER,5,4,-145.1300049,198,Late delivery,1,24
TRANSFER,4,4,45,155.1600037,Shipping on time,0,29
TRANSFER,5,4,51.09000015,151.1600037,Late delivery,1,29
TRANSFER,3,4,31.25,111.5999985,Advance shipping,0,26
TRANSFER,4,4,-459,170,Shipping on time,0,24
TRANSFER,2,4,-248,160,Advance shipping,0,24
TRANSFER,5,4,13.19999981,150,Late delivery,1,24
TRANSFER,4,4,46.29000092,94.45999908,Shipping on time,0,40
TRANSFER,5,4,182.1399994,395.9599915,Late delivery,1,9
TRANSFER,5,4,-261.4400024,391.9599915,Late delivery,1,9
TRANSFER,3,4,178.5800018,379.9599915,Advance shipping,0,9
TRANSFER,3,4,167.4199982,363.9599915,Advance shipping,0,9
TRANSFER,5,4,-76.66999817,359.9599915,Late delivery,1,9
TRANSFER,5,4,165.4199982,351.9599915,Late delivery,1,9
TRANSFER,2,4,-82.01000214,351.9599915,Advance shipping,0,9
TRANSFER,4,4,91.79000092,339.9700012,Shipping on time,0,9
DEBIT,2,4,40.56000137,124.7900009,Advance shipping,0,18
DEBIT,2,4,41.18000031,124.7900009,Advance shipping,0,18
DEBIT,4,4,27.36000061,56.99000168,Shipping on time,0,17
DEBIT,3,4,26.05999947,123.4899979,Advance shipping,0,18
DEBIT,2,4,32.47999954,123.4899979,Advance shipping,0,18
DEBIT,5,4,35.81000137,123.4899979,Late delivery,1,18
DEBIT,6,4,102.5100021,205.0299988,Late delivery,1,76
DEBIT,4,4,15.43999958,123.4899979,Shipping on time,0,18
DEBIT,2,4,4.570000172,123.4899979,Advance shipping,0,18
DEBIT,5,4,61.75,123.4899979,Late delivery,1,18
DEBIT,6,4,38.65000153,123.4899979,Late delivery,1,18
DEBIT,4,4,14.25,56.99000168,Shipping on time,0,17
DEBIT,2,4,-6.170000076,123.4899979,Advance shipping,0,18
DEBIT,4,4,20.12999916,123.4899979,Shipping on time,0,18
DEBIT,4,4,54.34000015,123.4899979,Shipping on time,0,18
DEBIT,2,4,43.61000061,436.1000061,Advance shipping,0,66
DEBIT,4,4,42.99000168,122.8399963,Shipping on time,0,18
DEBIT,3,4,19.84000015,56.68999863,Advance shipping,0,17
DEBIT,2,4,54.04999924,122.8399963,Advance shipping,0,18
DEBIT,4,4,-184.2599945,122.8399963,Shipping on time,0,18
DEBIT,5,4,39.91999817,122.8399963,Late delivery,1,18
DEBIT,6,4,41.52000046,122.8399963,Late delivery,1,18
DEBIT,4,4,9.210000038,122.8399963,Shipping on time,0,18
DEBIT,4,4,12.27999973,122.8399963,Shipping on time,0,18
DEBIT,4,4,36.84999847,122.8399963,Shipping on time,0,18
DEBIT,5,4,60.45000076,120.8899994,Late delivery,1,18
DEBIT,3,4,-29.37999916,120.8899994,Advance shipping,0,18
DEBIT,3,4,15.10999966,120.8899994,Advance shipping,0,18
DEBIT,4,4,-105.7799988,120.8899994,Shipping on time,0,18
DEBIT,4,4,72.86000061,200.7100067,Shipping on time,0,76
DEBIT,6,4,26.78000069,55.79000092,Late delivery,1,17
DEBIT,3,4,31.79000092,120.8899994,Advance shipping,0,18
DEBIT,4,4,7.619999886,120.8899994,Shipping on time,0,18
DEBIT,2,4,62.8199997,200.7100067,Advance shipping,0,76
DEBIT,4,4,-187.3800049,120.8899994,Shipping on time,0,18
DEBIT,5,4,31.43000031,120.8899994,Late delivery,1,18
DEBIT,5,4,-140.5,200.7100067,Late delivery,1,76
DEBIT,4,4,37.77000046,429.1799927,Shipping on time,0,66
DEBIT,2,4,-193.4299927,120.8899994,Advance shipping,0,18
DEBIT,3,4,76.26999664,200.7100067,Advance shipping,0,76
DEBIT,4,4,12.09000015,120.8899994,Shipping on time,0,18
DEBIT,5,4,32.63999939,120.8899994,Late delivery,1,18
DEBIT,2,4,24.84000015,118.2900009,Advance shipping,0,18
DEBIT,2,4,6.170000076,54.59000015,Advance shipping,0,17
DEBIT,4,4,94.01999664,191.8699951,Shipping on time,0,70
DEBIT,4,4,22.5,225,Shipping on time,0,24
DEBIT,2,4,15.39999962,220,Advance shipping,0,24
DEBIT,3,4,52.18999863,173.9600067,Advance shipping,0,29
DEBIT,4,4,84.98000336,169.9600067,Shipping on time,0,29
DEBIT,6,4,65.73000336,210,Late delivery,1,24
DEBIT,4,4,70.13999939,207.5,Shipping on time,0,24
DEBIT,5,4,56.02999878,207.5,Late delivery,1,24
DEBIT,3,4,12.86999989,207.5,Advance shipping,0,24
DEBIT,3,4,64.16999817,205,Advance shipping,0,24
DEBIT,6,4,100.4499969,205,Late delivery,1,24
DEBIT,5,4,71.75,205,Late delivery,1,24
DEBIT,4,4,72.59999847,200,Shipping on time,0,24
DEBIT,6,4,67.48000336,149.9600067,Late delivery,1,29
DEBIT,5,4,21.19000053,187.5,Late delivery,1,24
DEBIT,6,4,59.97999954,124.9499969,Late delivery,1,40
DEBIT,5,4,35.61000061,118.6999969,Late delivery,1,40
DEBIT,2,4,39.90999985,118.0800018,Advance shipping,0,40
DEBIT,5,4,23.27000046,74.34999847,Late delivery,1,41
DEBIT,5,4,30.88999939,67.16000366,Late delivery,1,41
DEBIT,3,4,11.40999985,131.1600037,Advance shipping,0,37
DEBIT,2,4,53.97999954,119.9599991,Advance shipping,0,44
DEBIT,3,4,82.15000153,186.7100067,Advance shipping,0,6
DEBIT,2,4,66.48999786,474.9500122,Advance shipping,0,9
DEBIT,2,4,80.98999786,299.9500122,Advance shipping,0,17
DEBIT,2,4,54.77000046,165.9600067,Advance shipping,0,29
DEBIT,6,4,-265,200,Late delivery,1,24
DEBIT,6,4,51.15999985,196.7599945,Late delivery,1,37
DEBIT,6,4,85.48999786,284.9500122,Late delivery,1,3
DEBIT,6,4,59.13000107,174.9499969,Late delivery,1,11
DEBIT,3,4,84.13999939,494.9500122,Advance shipping,0,9
DEBIT,3,4,65.83000183,137.1499939,Advance shipping,0,13
DEBIT,6,4,43.11999893,489.9500122,Late delivery,1,9
DEBIT,2,4,242.4799957,484.9500122,Advance shipping,0,9
DEBIT,4,4,-115.4199982,484.9500122,Shipping on time,0,9
DEBIT,2,4,109.1100006,484.9500122,Advance shipping,0,9
DEBIT,5,4,52.43999863,155.1499939,Late delivery,1,13
DEBIT,6,4,9.600000381,479.9500122,Late delivery,1,9
DEBIT,4,4,230.3800049,479.9500122,Shipping on time,0,9
DEBIT,3,4,41.79999924,474.9500122,Advance shipping,0,9
DEBIT,6,4,47.5,474.9500122,Late delivery,1,9
DEBIT,2,4,218.4799957,474.9500122,Advance shipping,0,9
DEBIT,5,4,-9.81000042,166.1999969,Late delivery,1,11
DEBIT,6,4,82.66000366,165.3300018,Late delivery,1,11
DEBIT,5,4,174.3600006,464.9500122,Late delivery,1,16
DEBIT,6,4,159.2299957,454.9500122,Late delivery,1,9
TRANSFER,3,4,49.97000122,101.9800034,Advance shipping,0,17
TRANSFER,6,4,46.90999985,101.9800034,Late delivery,1,17
TRANSFER,2,4,32.36000061,99.58000183,Advance shipping,0,17
TRANSFER,4,4,36.84999847,99.58000183,Shipping on time,0,17
TRANSFER,6,4,49.79000092,99.58000183,Late delivery,1,17
TRANSFER,3,4,35,100,Advance shipping,0,24
TRANSFER,2,4,43,100,Advance shipping,0,24
TRANSFER,4,4,0,99,Shipping on time,0,24
TRANSFER,2,4,21.77000046,79.18000031,Advance shipping,0,29
TRANSFER,4,4,10.96000004,97,Shipping on time,0,24
TRANSFER,3,4,41.27999878,96,Advance shipping,0,24
TRANSFER,4,4,26.87000084,76.77999878,Shipping on time,0,29
TRANSFER,5,4,34.18999863,75.98000336,Late delivery,1,29
TRANSFER,6,4,35.70999908,75.98000336,Late delivery,1,29
TRANSFER,6,4,11.88000011,95,Late delivery,1,24
TRANSFER,5,4,18.52000046,132.3000031,Late delivery,1,26
TRANSFER,5,4,17.44000053,46.5,Late delivery,1,26
TRANSFER,3,4,30.22999954,93,Advance shipping,0,24
TRANSFER,3,4,-162.75,93,Advance shipping,0,24
TRANSFER,5,4,24.60000038,72.77999878,Late delivery,1,29
TRANSFER,3,4,35.99000168,71.98000336,Advance shipping,0,29
TRANSFER,4,4,17.12999916,71.98000336,Shipping on time,0,29
TRANSFER,4,4,41.40000153,90,Shipping on time,0,24
TRANSFER,3,4,23.38999939,71.98000336,Advance shipping,0,29
TRANSFER,4,4,21.42000008,90,Shipping on time,0,24
TRANSFER,5,4,28.17000008,90,Late delivery,1,24
TRANSFER,3,4,-11.47000027,70.37999725,Advance shipping,0,29
TRANSFER,2,4,29.04000092,88,Advance shipping,0,24
TRANSFER,3,4,23.48999977,87,Advance shipping,0,24
TRANSFER,2,4,19.12999916,85,Advance shipping,0,24
TRANSFER,4,4,5.96999979,66.37999725,Shipping on time,0,29
TRANSFER,2,4,7.210000038,65.58000183,Advance shipping,0,26
TRANSFER,2,4,21.63999939,65.58000183,Advance shipping,0,29
TRANSFER,6,4,-9.050000191,65.58000183,Late delivery,1,29
TRANSFER,5,4,7.21999979,82,Late delivery,1,24
TRANSFER,2,4,37.59999847,80,Advance shipping,0,24
TRANSFER,4,4,36.79999924,80,Shipping on time,0,24
TRANSFER,2,4,16.20000076,59.99000168,Advance shipping,0,29
TRANSFER,5,4,27.59000015,59.99000168,Late delivery,1,29
TRANSFER,2,4,12.75,75,Advance shipping,0,24
TRANSFER,6,4,19,63.34000015,Late delivery,1,37
TRANSFER,3,4,13.69999981,47.22999954,Advance shipping,0,40
TRANSFER,5,4,15.82999992,35.97999954,Late delivery,1,36
TRANSFER,6,4,26.44000053,84.45999908,Late delivery,1,37
TRANSFER,3,4,-45.88999939,262.2000122,Advance shipping,0,73
DEBIT,2,4,103.2399979,245.8099976,Advance shipping,0,73
DEBIT,6,2,81.94000244,327.75,Late delivery,1,73
DEBIT,5,4,24.34000015,324.4700012,Late delivery,1,73
PAYMENT,4,4,-36.29999924,321.2000122,Shipping on time,0,73
DEBIT,3,4,111.2699966,317.9200134,Advance shipping,0,73
TRANSFER,2,4,114.2099991,314.6400146,Shipping canceled,0,73
PAYMENT,6,2,-71.30000305,311.3599854,Late delivery,1,73
TRANSFER,5,4,37.16999817,309.7200012,Late delivery,1,73
DEBIT,2,1,146.3099976,304.8099976,Late delivery,1,73
TRANSFER,3,4,74.55999756,298.25,Advance shipping,0,73
DEBIT,2,4,59,294.980011,Advance shipping,0,73
DEBIT,6,4,83.63999939,288.4200134,Late delivery,1,73
TRANSFER,5,4,136.8699951,285.1400146,Late delivery,1,73
DEBIT,4,4,20.88999939,278.5899963,Shipping on time,0,73
TRANSFER,3,4,-55.06000137,275.3099976,Advance shipping,0,73
TRANSFER,2,4,36.18000031,272.0299988,Advance shipping,0,73
PAYMENT,6,2,131.6900024,268.7600098,Late delivery,1,73
PAYMENT,5,4,91.76999664,262.2000122,Late delivery,1,73
TRANSFER,4,4,-163.9600067,245.8099976,Shipping on time,0,73
TRANSFER,3,4,144.2100067,327.75,Advance shipping,0,73
DEBIT,2,1,32.45000076,324.4700012,Late delivery,1,73
DEBIT,2,1,93.15000153,321.2000122,Late delivery,1,73
DEBIT,2,1,79.48000336,317.9200134,Late delivery,1,73
TRANSFER,2,1,100.6800003,314.6400146,Late delivery,1,73
TRANSFER,0,0,149.4499969,311.3599854,Shipping on time,0,73
PAYMENT,0,0,80.52999878,309.7200012,Shipping on time,0,73
CASH,0,0,-34.75,304.8099976,Shipping on time,0,73
TRANSFER,5,4,146.1399994,298.25,Late delivery,1,73
PAYMENT,4,4,22.12000084,294.980011,Shipping on time,0,73
TRANSFER,3,4,-447.0499878,288.4200134,Advance shipping,0,73
DEBIT,2,4,106.9300003,285.1400146,Advance shipping,0,73
DEBIT,6,4,-459.6700134,278.5899963,Late delivery,1,73
TRANSFER,5,4,-61.93999863,275.3099976,Shipping canceled,0,73
DEBIT,4,2,111.5299988,272.0299988,Late delivery,1,73
DEBIT,3,4,131.6900024,268.7600098,Advance shipping,0,73
DEBIT,2,2,85.22000122,262.2000122,Shipping on time,0,73
PAYMENT,2,1,63.90999985,245.8099976,Late delivery,1,73
DEBIT,5,2,-273.019989,327.75,Late delivery,1,73
PAYMENT,4,2,-259.5799866,324.4700012,Late delivery,1,73
DEBIT,3,4,20.23999977,321.2000122,Advance shipping,0,73
TRANSFER,2,4,111.2699966,317.9200134,Advance shipping,0,73
DEBIT,6,4,0,314.6400146,Late delivery,1,73
PAYMENT,5,4,97.45999908,311.3599854,Late delivery,1,73
PAYMENT,4,2,89.8199997,309.7200012,Late delivery,1,73
TRANSFER,3,2,85.34999847,304.8099976,Shipping canceled,0,73
TRANSFER,2,4,125.2699966,298.25,Advance shipping,0,73
PAYMENT,6,4,91.44000244,294.980011,Late delivery,1,73
TRANSFER,5,4,77.87000275,288.4200134,Late delivery,1,73
PAYMENT,4,2,82.69000244,285.1400146,Late delivery,1,73
TRANSFER,3,4,69.65000153,278.5899963,Advance shipping,0,73
DEBIT,2,4,134.8999939,275.3099976,Advance shipping,0,73
CASH,6,2,-199.3999939,272.0299988,Late delivery,1,73
TRANSFER,5,2,-215,268.7600098,Late delivery,1,73
PAYMENT,2,1,82.0699997,262.2000122,Late delivery,1,73
CASH,2,1,76.94000244,245.8099976,Late delivery,1,73
CASH,2,2,-540.789978,327.75,Shipping on time,0,73
DEBIT,6,2,-146.0099945,324.4700012,Late delivery,1,73
PAYMENT,5,2,93.15000153,321.2000122,Late delivery,1,73
DEBIT,2,1,149.4199982,317.9200134,Late delivery,1,73
CASH,2,1,31.45999908,314.6400146,Late delivery,1,73
PAYMENT,2,1,0,311.3599854,Late delivery,1,73
PAYMENT,6,4,151.7599945,309.7200012,Late delivery,1,73
PAYMENT,5,4,146.3099976,304.8099976,Late delivery,1,73
DEBIT,4,4,20.87999916,298.25,Shipping on time,0,73
DEBIT,3,4,95.87000275,294.980011,Advance shipping,0,73
CASH,2,4,135.5599976,288.4200134,Advance shipping,0,73
DEBIT,6,4,74.13999939,285.1400146,Late delivery,1,73
CASH,5,4,78,278.5899963,Late delivery,1,73
TRANSFER,4,4,-183.6300049,275.3099976,Shipping on time,0,73
DEBIT,3,4,98.75,272.0299988,Advance shipping,0,73
DEBIT,2,4,26.87999916,268.7600098,Advance shipping,0,73
DEBIT,6,4,91.76999664,262.2000122,Late delivery,1,73
DEBIT,5,4,-180.1799927,245.8099976,Late delivery,1,73
TRANSFER,4,4,-251.3800049,327.75,Shipping on time,0,73
CASH,3,4,-237.8399963,324.4700012,Advance shipping,0,73
TRANSFER,2,4,28.27000046,321.2000122,Advance shipping,0,73
DEBIT,6,4,87.43000031,317.9200134,Late delivery,1,73
PAYMENT,5,4,82.75,314.6400146,Late delivery,1,73
PAYMENT,4,2,116.7600021,311.3599854,Late delivery,1,73
PAYMENT,3,2,148.6699982,309.7200012,Late delivery,1,73
PAYMENT,2,1,-72.54000092,304.8099976,Late delivery,1,73
DEBIT,6,2,146.1399994,298.25,Late delivery,1,73
DEBIT,5,2,129.7899933,294.980011,Late delivery,1,73
DEBIT,4,2,112.4800034,288.4200134,Late delivery,1,73
PAYMENT,1,0,76.98999786,285.1400146,Late delivery,1,73
DEBIT,1,0,75.22000122,278.5899963,Late delivery,1,73
DEBIT,1,0,123.8899994,275.3099976,Late delivery,1,73
DEBIT,1,0,133.3000031,272.0299988,Late delivery,1,73
CASH,1,0,90.83999634,268.7600098,Late delivery,1,73
TRANSFER,1,0,-43.79000092,262.2000122,Shipping canceled,0,73
DEBIT,1,0,92.18000031,245.8099976,Late delivery,1,73
DEBIT,6,4,40.97000122,327.75,Late delivery,1,73
DEBIT,5,4,45.43000031,324.4700012,Late delivery,1,73
TRANSFER,4,4,144.5399933,321.2000122,Shipping on time,0,73
TRANSFER,3,4,31.79000092,317.9200134,Advance shipping,0,73
PAYMENT,6,2,57.59999847,120,Late delivery,1,24
PAYMENT,6,2,12.71000004,112.5,Late delivery,1,24
PAYMENT,2,2,95.62000275,254.9700012,Shipping on time,0,9
PAYMENT,6,2,35.33000183,113.9700012,Late delivery,1,29
PAYMENT,5,2,-19.12000084,254.9700012,Late delivery,1,9
PAYMENT,3,2,28.51000023,178.1699982,Late delivery,1,17
PAYMENT,3,2,12.96000004,172.7700043,Late delivery,1,17
PAYMENT,2,2,36.22999954,170.0700073,Shipping on time,0,17
PAYMENT,2,2,6.21999979,163.7700043,Shipping on time,0,17
PAYMENT,6,2,-102.0299988,152.9700012,Late delivery,1,17
PAYMENT,2,2,64.5,150,Shipping on time,0,24
PAYMENT,5,2,44.15000153,95.98000336,Late delivery,1,29
PAYMENT,5,2,-4.110000134,65.30999756,Late delivery,1,41
PAYMENT,3,2,-57.56000137,35.97999954,Late delivery,1,41
PAYMENT,5,2,28.18000031,156.5700073,Late delivery,1,17
PAYMENT,6,2,34.41999817,114.7200012,Late delivery,1,6
PAYMENT,2,2,-215.4799957,293.9700012,Shipping on time,0,9
PAYMENT,5,2,72.52999878,278.9700012,Late delivery,1,9
PAYMENT,5,2,53.54000092,152.9700012,Late delivery,1,17
PAYMENT,4,2,66.93000031,145.5,Late delivery,1,24
PAYMENT,6,2,13.94999981,139.5,Late delivery,1,24
PAYMENT,3,2,59.13000107,335.9700012,Late delivery,1,9
PAYMENT,2,2,42.99000168,122.8399963,Shipping on time,0,37
PAYMENT,6,2,138.5899963,395.9599915,Late delivery,1,9
PAYMENT,2,2,0,126.6800003,Shipping on time,0,13
PAYMENT,2,2,141.1100006,391.9599915,Shipping on time,0,9
PAYMENT,4,2,77.05000305,227.9600067,Late delivery,1,17
PAYMENT,3,2,58.45000076,201.5700073,Late delivery,1,17
PAYMENT,3,2,17.73999977,201.5700073,Late delivery,1,17
PAYMENT,2,2,-146.6000061,200,Shipping on time,0,24
PAYMENT,3,2,54.86999893,156.7599945,Late delivery,1,29
PAYMENT,2,2,83.59999847,190,Shipping on time,0,24
PAYMENT,4,2,85.05000305,189,Late delivery,1,24
PAYMENT,2,2,-148.8000031,186,Shipping on time,0,24
PAYMENT,3,2,-33.91999817,145.5599976,Late delivery,1,29
PAYMENT,5,2,68.40000153,180,Late delivery,1,24
PAYMENT,2,2,37.11000061,127.9700012,Shipping on time,0,29
PAYMENT,3,2,-25.48999977,84.97000122,Late delivery,1,40
PAYMENT,2,2,186.1000061,395.9599915,Shipping on time,0,9
PAYMENT,5,2,38.41999817,339.9700012,Late delivery,1,9
PAYMENT,4,2,131.0299988,335.9700012,Late delivery,1,9
PAYMENT,3,2,93.58000183,239.9600067,Late delivery,1,17
PAYMENT,4,2,-25.5,203.9700012,Late delivery,1,17
PAYMENT,6,2,98.76999664,201.5700073,Late delivery,1,17
PAYMENT,3,2,90.72000122,189,Late delivery,1,24
PAYMENT,3,2,61.18000031,135.9700012,Late delivery,1,29
PAYMENT,2,2,-115.5999985,170,Shipping on time,0,24
PAYMENT,4,2,50.95000076,203.8000031,Late delivery,1,37
PAYMENT,5,2,-69.90000153,94.45999908,Late delivery,1,40
PAYMENT,3,2,14.13000011,227.9600067,Late delivery,1,17
PAYMENT,5,2,84.23000336,215.9600067,Late delivery,1,17
PAYMENT,3,2,51.15999985,196.7700043,Late delivery,1,17
PAYMENT,2,2,51.90000153,153.5599976,Shipping on time,0,29
PAYMENT,5,2,62.40000153,192,Late delivery,1,24
PAYMENT,5,2,3.799999952,151.9600067,Late delivery,1,29
PAYMENT,3,2,90.72000122,189,Late delivery,1,24
PAYMENT,5,2,13.11999989,131.1699982,Late delivery,1,29
PAYMENT,2,2,50.84000015,164,Shipping on time,0,24
PAYMENT,6,2,-76.76999664,95.95999908,Late delivery,1,40
PAYMENT,5,2,76.36000061,166,Late delivery,1,24
PAYMENT,3,2,36.74000168,126.6800003,Late delivery,1,13
PAYMENT,4,2,102.2900009,208.7700043,Late delivery,1,17
PAYMENT,3,2,95.98000336,191.9700012,Late delivery,1,17
PAYMENT,6,2,67.48999786,179.9700012,Late delivery,1,17
PAYMENT,5,2,-53.99000168,179.9700012,Late delivery,1,17
PAYMENT,3,2,56.33000183,179.9700012,Late delivery,1,17
PAYMENT,6,2,48.04000092,145.5599976,Late delivery,1,29
PAYMENT,6,2,52.70000076,170,Late delivery,1,24
PAYMENT,5,2,-652.4299927,434.9599915,Late delivery,1,9
PAYMENT,5,2,76.90000153,227.5,Late delivery,1,24
PAYMENT,5,2,174.9799957,499.9500122,Late delivery,1,9
PAYMENT,2,2,114.3899994,439.9599915,Shipping on time,0,9
PAYMENT,5,2,136.75,290.9500122,Late delivery,1,17
PAYMENT,6,2,18.67000008,248.9600067,Late delivery,1,17
PAYMENT,6,2,84.15000153,248.9600067,Late delivery,1,17
PAYMENT,5,2,-67.63999939,245.9600067,Late delivery,1,17
PAYMENT,2,2,50.95000076,195.9499969,Shipping on time,0,26
PAYMENT,6,2,102.3799973,227.5,Late delivery,1,24
PAYMENT,5,2,29.25,225,Late delivery,1,24
PAYMENT,2,2,58.5,225,Shipping on time,0,24
PAYMENT,5,2,-33.83000183,179.9600067,Late delivery,1,29
PAYMENT,6,2,84.37999725,225,Late delivery,1,24
PAYMENT,6,2,-170,212.5,Late delivery,1,24
PAYMENT,5,2,78.62999725,212.5,Late delivery,1,24
PAYMENT,2,2,-72.62999725,290.5,Shipping on time,0,26
PAYMENT,6,2,-5.130000114,205,Late delivery,1,24
PAYMENT,2,2,25.20999908,96.94999695,Shipping on time,0,36
PAYMENT,2,2,112.8000031,240,Shipping on time,0,24
PAYMENT,3,2,6.809999943,158.3500061,Late delivery,1,13
DEBIT,4,2,105.5999985,351.9899902,Late delivery,1,10
DEBIT,2,2,40.88999939,86.98999786,Shipping on time,0,9
DEBIT,6,2,-1.389999986,23.51000023,Late delivery,1,13
DEBIT,3,2,144.4400024,461.480011,Late delivery,1,66
DEBIT,3,2,48.09999847,129.9900055,Late delivery,1,18
DEBIT,4,2,144,299.9899902,Late delivery,1,17
DEBIT,5,2,11.18000031,129.9900055,Late delivery,1,18
DEBIT,3,2,-9.75,129.9900055,Late delivery,1,18
DEBIT,6,2,-23.79000092,129.9900055,Late delivery,1,18
DEBIT,3,2,24.44000053,129.9900055,Late delivery,1,18
DEBIT,5,2,29.70000076,59.38999939,Late delivery,1,17
DEBIT,3,2,114.2200012,456.8699951,Late delivery,1,66
DEBIT,3,2,61.77000046,128.6900024,Late delivery,1,18
DEBIT,6,2,16.72999954,128.6900024,Late delivery,1,18
DEBIT,5,2,16.72999954,128.6900024,Late delivery,1,18
DEBIT,2,2,-11.0699997,128.6900024,Shipping on time,0,18
DEBIT,3,2,-90.08000183,128.6900024,Late delivery,1,18
DEBIT,2,2,46.70999908,128.6900024,Shipping on time,0,18
DEBIT,2,2,22.84000015,456.8699951,Shipping on time,0,66
DEBIT,5,2,34.75,128.6900024,Late delivery,1,18
DEBIT,3,2,41.8199997,128.6900024,Late delivery,1,18
DEBIT,4,2,34.75,128.6900024,Late delivery,1,18
DEBIT,5,2,-103.8799973,58.79000092,Late delivery,1,17
DEBIT,2,2,53.5,127.3899994,Shipping on time,0,18
DEBIT,2,2,12.73999977,127.3899994,Shipping on time,0,18
DEBIT,6,2,-45.09000015,58.79000092,Late delivery,1,17
DEBIT,6,2,63.04999924,126.0899963,Late delivery,1,18
DEBIT,2,2,-79.8199997,126.0899963,Shipping on time,0,18
DEBIT,5,2,15.13000011,58.18999863,Late delivery,1,17
DEBIT,2,2,32.77999878,126.0899963,Shipping on time,0,18
DEBIT,6,2,37.83000183,126.0899963,Late delivery,1,18
DEBIT,5,2,52.40999985,124.7900009,Late delivery,1,18
DEBIT,4,2,12.47999954,124.7900009,Late delivery,1,18
DEBIT,4,2,-90.47000122,124.7900009,Late delivery,1,18
DEBIT,6,2,54.90999985,124.7900009,Late delivery,1,18
DEBIT,6,2,-28.07999992,124.7900009,Late delivery,1,18
DEBIT,5,2,21.37000084,56.99000168,Late delivery,1,17
DEBIT,4,2,56.50999832,122.8399963,Late delivery,1,18
DEBIT,6,2,28.35000038,56.68999863,Late delivery,1,17
DEBIT,4,2,-24.5699997,122.8399963,Late delivery,1,18
DEBIT,3,2,58.95999908,122.8399963,Late delivery,1,18
DEBIT,6,2,7.739999771,122.8399963,Late delivery,1,18
DEBIT,6,2,55.27999878,122.8399963,Late delivery,1,18
DEBIT,6,2,42.31000137,120.8899994,Late delivery,1,18
DEBIT,2,2,42.31000137,120.8899994,Shipping on time,0,18
DEBIT,6,2,36.27000046,120.8899994,Late delivery,1,18
DEBIT,6,2,28.38999939,118.2900009,Late delivery,1,18
DEBIT,6,2,-90.73000336,118.2900009,Late delivery,1,18
DEBIT,6,2,36.66999817,118.2900009,Late delivery,1,18
DEBIT,6,2,8.869999886,118.2900009,Late delivery,1,18
DEBIT,3,2,54.40999985,118.2900009,Late delivery,1,18
DEBIT,5,2,33.11999893,118.2900009,Late delivery,1,18
DEBIT,3,2,56.15999985,116.9899979,Late delivery,1,18
DEBIT,5,2,32.75999832,116.9899979,Late delivery,1,18
DEBIT,5,2,16.37999916,116.9899979,Late delivery,1,18
DEBIT,2,2,17.8199997,53.99000168,Shipping on time,0,17
DEBIT,4,2,-80.98999786,53.99000168,Late delivery,1,17
DEBIT,4,2,29.73999977,114.3899994,Late delivery,1,18
DEBIT,6,2,7.210000038,114.3899994,Late delivery,1,18
DEBIT,6,2,33.16999817,114.3899994,Late delivery,1,18
DEBIT,2,2,56.04999924,114.3899994,Shipping on time,0,18
DEBIT,6,2,-34.3199997,114.3899994,Late delivery,1,18
DEBIT,3,2,53.75999832,114.3899994,Late delivery,1,18
DEBIT,4,2,36.75,113.0899963,Late delivery,1,18
DEBIT,5,2,30.53000069,113.0899963,Late delivery,1,18
DEBIT,3,2,-33.93000031,113.0899963,Late delivery,1,18
DEBIT,6,2,42.40999985,113.0899963,Late delivery,1,18
DEBIT,4,2,33.93000031,113.0899963,Late delivery,1,18
DEBIT,3,2,-8.720000267,52.18999863,Late delivery,1,17
DEBIT,3,2,52.02000046,113.0899963,Late delivery,1,18
DEBIT,6,2,-33.93000031,113.0899963,Late delivery,1,18
DEBIT,3,2,36.75,113.0899963,Late delivery,1,18
DEBIT,5,2,35.40000153,113.0899963,Late delivery,1,18
DEBIT,5,2,14.27999973,50.99000168,Late delivery,1,17
DEBIT,4,2,28.72999954,110.4899979,Late delivery,1,18
DEBIT,4,2,27.62000084,110.4899979,Late delivery,1,18
DEBIT,3,2,13.26000023,110.4899979,Late delivery,1,18
DEBIT,5,2,145.6999969,303.5400085,Late delivery,1,63
DEBIT,4,2,37.34999847,110.4899979,Late delivery,1,18
DEBIT,3,2,35.90999985,110.4899979,Late delivery,1,18
DEBIT,5,2,50.83000183,110.4899979,Late delivery,1,18
DEBIT,4,2,30.94000053,110.4899979,Late delivery,1,18
DEBIT,5,2,34.18000031,109.1900024,Late delivery,1,18
DEBIT,4,2,49.13999939,109.1900024,Late delivery,1,18
DEBIT,3,2,29.47999954,109.1900024,Late delivery,1,18
DEBIT,4,2,13.60999966,50.38999939,Late delivery,1,17
DEBIT,6,2,145.3699951,387.6400146,Late delivery,1,66
DEBIT,2,2,32.75999832,109.1900024,Shipping on time,0,18
DEBIT,4,2,0,109.1900024,Late delivery,1,18
DEBIT,4,2,32.36999893,107.8899994,Late delivery,1,18
TRANSFER,6,4,127.5500031,283.4500122,Late delivery,1,17
TRANSFER,5,4,5.460000038,272.9500122,Late delivery,1,17
TRANSFER,6,4,2.700000048,269.9599915,Late delivery,1,17
TRANSFER,5,4,108.2200012,263.9599915,Late delivery,1,17
TRANSFER,3,4,95.01999664,263.9599915,Advance shipping,0,17
TRANSFER,3,4,49.06000137,260.9599915,Advance shipping,0,17
TRANSFER,6,4,71.38999939,254.9600067,Late delivery,1,17
TRANSFER,2,4,47.86999893,251.9600067,Advance shipping,0,17
TRANSFER,6,4,28.12999916,248.9600067,Late delivery,1,17
TRANSFER,3,4,62.99000168,224.9600067,Advance shipping,0,17
TRANSFER,2,4,59.99000168,199.9499969,Advance shipping,0,29
TRANSFER,5,4,90.75,250,Late delivery,1,24
TRANSFER,2,4,34.99000168,199.9499969,Advance shipping,0,29
TRANSFER,5,4,24.75,247.5,Late delivery,1,24
TRANSFER,2,4,39.15000153,346.5,Advance shipping,0,26
TRANSFER,3,4,-58.31000137,245,Advance shipping,0,24
TRANSFER,5,4,42.88000107,122.5,Late delivery,1,26
TRANSFER,2,4,-36.84000015,195.9499969,Advance shipping,0,29
TRANSFER,6,4,7.449999809,195.9499969,Late delivery,1,29
TRANSFER,2,4,48,240,Advance shipping,0,24
TRANSFER,6,4,-52.08000183,240,Late delivery,1,24
TRANSFER,4,4,78,240,Shipping on time,0,24
TRANSFER,3,4,116.3799973,237.5,Advance shipping,0,24
TRANSFER,4,4,42.52999878,236.25,Shipping on time,0,24
TRANSFER,3,4,62.97999954,179.9600067,Advance shipping,0,26
TRANSFER,4,4,58.79999924,173.9600067,Shipping on time,0,29
TRANSFER,5,4,-40.45999908,217.5,Late delivery,1,24
TRANSFER,3,4,38.27999878,217.5,Advance shipping,0,24
TRANSFER,4,4,27.19000053,217.5,Shipping on time,0,24
TRANSFER,6,4,-31.87999916,212.5,Late delivery,1,24
TRANSFER,2,4,59.5,212.5,Advance shipping,0,24
TRANSFER,2,4,13.26000023,169.9600067,Advance shipping,0,29
TRANSFER,2,4,33.59000015,167.9600067,Advance shipping,0,29
TRANSFER,3,4,60.90000153,210,Advance shipping,0,24
TRANSFER,5,4,-245.9400024,163.9600067,Late delivery,1,29
TRANSFER,6,4,58,200,Late delivery,1,24
TRANSFER,2,4,30.79999924,280,Advance shipping,0,26
TRANSFER,4,4,18,239.9499969,Shipping on time,0,37
TRANSFER,4,4,55.09999847,122.4499969,Shipping on time,0,40
TRANSFER,6,4,-14.27999973,230.3500061,Late delivery,1,37
TRANSFER,3,4,31.87999916,118.0800018,Advance shipping,0,40
TRANSFER,5,4,53.43999863,113.6999969,Late delivery,1,40
TRANSFER,2,4,4.53000021,71.95999908,Advance shipping,0,41
TRANSFER,4,4,11.85999966,104.9599991,Shipping on time,0,40
TRANSFER,2,4,35.61999893,284.9500122,Shipping canceled,0,17
TRANSFER,6,4,76.43000031,272.9500122,Shipping canceled,0,17
TRANSFER,6,4,40.49000168,269.9599915,Shipping canceled,0,17
TRANSFER,5,4,127.4800034,254.9600067,Shipping canceled,0,17
TRANSFER,3,4,118.0599976,245.9600067,Shipping canceled,0,17
TRANSFER,4,4,-89.98999786,224.9600067,Shipping canceled,0,17
TRANSFER,6,4,87.27999878,193.9499969,Shipping canceled,0,29
TRANSFER,2,4,87.12000275,240,Shipping canceled,0,24
TRANSFER,2,4,60.75,225,Shipping canceled,0,24
TRANSFER,5,4,102.3799973,315,Shipping canceled,0,26
TRANSFER,3,4,74.36000061,220,Shipping canceled,0,24
TRANSFER,4,4,-190.6499939,123,Shipping canceled,0,26
TRANSFER,5,4,98,200,Shipping canceled,0,24
TRANSFER,5,4,52.49000168,149.9600067,Shipping canceled,0,29
TRANSFER,3,4,-101.2399979,449.9599915,Shipping canceled,0,9
TRANSFER,4,4,63.74000168,424.9599915,Shipping canceled,0,9
TRANSFER,6,4,101.2399979,374.9599915,Shipping canceled,0,9
TRANSFER,3,4,13.55000019,153.9600067,Advance shipping,0,3
TRANSFER,6,4,47.99000168,159.9499969,Late delivery,1,13
TRANSFER,5,4,-34.95000076,150,Late delivery,1,9
TRANSFER,2,4,151.9799957,474.9500122,Advance shipping,0,9
TRANSFER,2,4,-283.4700012,472.4500122,Advance shipping,0,9
TRANSFER,2,4,145.5299988,464.9500122,Advance shipping,0,9
TRANSFER,3,4,-790.4199829,464.9500122,Advance shipping,0,9
TRANSFER,2,4,207.4799957,414.9599915,Advance shipping,0,9
TRANSFER,2,4,32.79000092,131.1600037,Advance shipping,0,13
TRANSFER,2,4,-349.9700012,399.9599915,Advance shipping,0,9
TRANSFER,3,4,95.80999756,283.4500122,Advance shipping,0,17
TRANSFER,2,4,79.37000275,283.4500122,Advance shipping,0,17
TRANSFER,2,4,86.18000031,254.9600067,Advance shipping,0,17
TRANSFER,4,4,-97.65000153,254.9600067,Shipping on time,0,17
TRANSFER,3,4,-420.6799927,254.9600067,Advance shipping,0,17
TRANSFER,4,4,124.9300003,254.9600067,Shipping on time,0,17
TRANSFER,5,4,88.19000244,251.9600067,Late delivery,1,17
TRANSFER,2,4,90.37000275,248.9600067,Advance shipping,0,17
TRANSFER,2,4,74.69000244,248.9600067,Advance shipping,0,17
TRANSFER,6,4,89.27999878,245.9600067,Late delivery,1,17
TRANSFER,3,4,95.01999664,197.9499969,Advance shipping,0,29
TRANSFER,2,4,7.429999828,247.5,Advance shipping,0,24
TRANSFER,2,4,27.69000053,245,Advance shipping,0,24
TRANSFER,4,4,90.22000122,191.9499969,Shipping on time,0,29
TRANSFER,2,4,92.62999725,237.5,Advance shipping,0,24
TRANSFER,3,4,14.96000004,237.5,Advance shipping,0,24
TRANSFER,2,4,59.06000137,236.25,Advance shipping,0,24
TRANSFER,4,4,72.08000183,232.5,Shipping on time,0,24
TRANSFER,4,4,-55.34000015,232.5,Shipping on time,0,24
TRANSFER,6,4,82.98999786,331.9700012,Late delivery,1,9
TRANSFER,6,4,103.9100037,331.9700012,Late delivery,1,9
TRANSFER,5,4,76.43000031,218.3600006,Late delivery,1,17
TRANSFER,2,4,65.51000214,218.3600006,Advance shipping,0,17
TRANSFER,3,4,76.01999664,211.1600037,Advance shipping,0,17
TRANSFER,4,4,-154.7799988,211.1600037,Shipping on time,0,17
TRANSFER,4,4,71.38999939,203.9700012,Shipping on time,0,17
TRANSFER,6,4,65.51000214,201.5700073,Late delivery,1,17
TRANSFER,4,4,72.84999847,158.3600006,Shipping on time,0,29
TRANSFER,5,4,60.18000031,158.3600006,Late delivery,1,29
TRANSFER,5,4,93.12000275,194,Late delivery,1,24
TRANSFER,3,4,87.41999817,186,Advance shipping,0,24
TRANSFER,3,4,45,180,Advance shipping,0,24
TRANSFER,6,4,69.58000183,139.1699982,Late delivery,1,29
TRANSFER,2,4,40.36000061,139.1699982,Advance shipping,0,29
TRANSFER,3,4,-290.5,166,Advance shipping,0,24
TRANSFER,2,4,-265.6000061,166,Advance shipping,0,24
TRANSFER,4,4,15,132.7700043,Shipping on time,0,29
TRANSFER,3,4,47.56000137,164,Advance shipping,0,24
TRANSFER,2,4,27.54000092,67.16999817,Advance shipping,0,36
TRANSFER,6,4,62.06000137,170.9600067,Shipping canceled,0,6
TRANSFER,6,4,186.2200012,387.9599915,Shipping canceled,0,9
TRANSFER,3,4,-63.15999985,191.9700012,Shipping canceled,0,17
TRANSFER,3,4,86.23999786,176,Shipping canceled,0,24
TRANSFER,4,4,44.52999878,139.1699982,Shipping canceled,0,29
TRANSFER,6,4,63.5,235.1999969,Shipping canceled,0,26
TRANSFER,4,4,8.260000229,131.1699982,Shipping canceled,0,29
TRANSFER,3,4,20,160,Shipping canceled,0,24
TRANSFER,6,4,61.75999832,205.8800049,Shipping canceled,0,37
TRANSFER,5,4,108.1500015,319.9700012,Shipping canceled,0,9
TRANSFER,4,4,115.2300034,235.1600037,Shipping canceled,0,17
TRANSFER,2,4,-109.4199982,230.3600006,Shipping canceled,0,17
TRANSFER,5,4,23.86000061,211.1600037,Shipping canceled,0,17
TRANSFER,5,4,-100.8300018,208.7700043,Shipping canceled,0,17
TRANSFER,6,4,57.06000137,196.7700043,Shipping canceled,0,17
TRANSFER,6,4,84.58999634,179.9700012,Shipping canceled,0,17
TRANSFER,5,4,55.43999863,198,Shipping canceled,0,24
TRANSFER,6,4,28.87000084,151.9600067,Shipping canceled,0,29
TRANSFER,3,4,75.59999847,189,Shipping canceled,0,24
TRANSFER,5,4,85.55999756,186,Shipping canceled,0,24
TRANSFER,6,4,59.40000153,180,Shipping canceled,0,24
TRANSFER,4,4,70.19999695,180,Shipping canceled,0,24
TRANSFER,4,4,38.86999893,143.9600067,Shipping canceled,0,29
TRANSFER,3,4,43.15999985,166,Shipping canceled,0,24
TRANSFER,4,4,41.06000137,131.1699982,Shipping canceled,0,29
TRANSFER,5,4,77.08000183,164,Shipping canceled,0,24
TRANSFER,5,4,56,160,Shipping canceled,0,24
TRANSFER,4,4,43.18000031,89.95999908,Shipping canceled,0,40
TRANSFER,2,4,31.84000015,90.95999908,Advance shipping,0,5
TRANSFER,2,4,11.94999981,199.1699982,Advance shipping,0,3
TRANSFER,5,4,-599.9400024,399.9599915,Late delivery,1,9
TRANSFER,3,4,182.3399963,387.9599915,Advance shipping,0,9
TRANSFER,3,4,111.3499985,383.9599915,Advance shipping,0,9
TRANSFER,4,4,170.9799957,379.9599915,Shipping on time,0,9
TRANSFER,2,4,38,379.9599915,Advance shipping,0,9
TRANSFER,3,4,185.1999969,377.9599915,Advance shipping,0,9
TRANSFER,2,4,69.15000153,363.9599915,Advance shipping,0,9
TRANSFER,3,4,-69.87000275,116.4400024,Advance shipping,0,13
TRANSFER,4,4,100.7900009,359.9599915,Shipping on time,0,9
TRANSFER,4,4,76.01999664,158.3600006,Shipping on time,0,13
TRANSFER,4,4,168.9400024,351.9599915,Shipping on time,0,9
TRANSFER,3,4,147.8300018,351.9599915,Advance shipping,0,9
TRANSFER,2,4,-69.58999634,347.9700012,Advance shipping,0,9
TRANSFER,5,4,105.3899994,339.9700012,Late delivery,1,9
TRANSFER,5,4,87.34999847,335.9700012,Late delivery,1,9
TRANSFER,2,4,28.86000061,327.9700012,Advance shipping,0,9
TRANSFER,5,4,20.15999985,319.9700012,Late delivery,1,9
TRANSFER,5,4,-39.11000061,239.9600067,Late delivery,1,17
TRANSFER,6,4,79.19000244,239.9600067,Late delivery,1,17
TRANSFER,2,4,117.5800018,235.1600037,Advance shipping,0,17
TRANSFER,2,4,20.47999954,232.7599945,Advance shipping,0,17
TRANSFER,3,4,58.18999863,232.7599945,Advance shipping,0,17
TRANSFER,2,4,82.93000031,230.3600006,Advance shipping,0,17
TRANSFER,6,4,26.03000069,230.3600006,Late delivery,1,17
TRANSFER,5,4,108.2699966,230.3600006,Late delivery,1,17
TRANSFER,5,4,76.01999664,230.3600006,Late delivery,1,17
TRANSFER,5,4,-46.0699997,230.3600006,Late delivery,1,17
TRANSFER,4,4,25.62000084,226.7599945,Shipping on time,0,17
TRANSFER,4,4,31.75,226.7599945,Shipping on time,0,17
TRANSFER,5,4,60.25,223.1600037,Late delivery,1,17
TRANSFER,6,4,-163.5800018,223.1600037,Late delivery,1,17
TRANSFER,3,4,104.8099976,218.3600006,Advance shipping,0,17
TRANSFER,5,4,-43.66999817,218.3600006,Late delivery,1,17
TRANSFER,5,4,75.58999634,215.9600067,Late delivery,1,17
TRANSFER,2,4,-36.95000076,211.1600037,Advance shipping,0,17
TRANSFER,6,4,39.70000076,211.1600037,Late delivery,1,17
TRANSFER,4,4,59.15000153,203.9700012,Shipping on time,0,17
TRANSFER,2,4,67.30999756,203.9700012,Advance shipping,0,17
TRANSFER,2,4,20.15999985,201.5700073,Advance shipping,0,17
TRANSFER,4,4,68.87000275,196.7700043,Shipping on time,0,17
TRANSFER,4,4,70.83999634,196.7700043,Shipping on time,0,17
DEBIT,5,4,42.93999863,118.2900009,Late delivery,1,18
DEBIT,3,4,-94.62999725,118.2900009,Advance shipping,0,18
DEBIT,6,4,8.869999886,118.2900009,Late delivery,1,18
DEBIT,2,4,54.40999985,118.2900009,Advance shipping,0,18
DEBIT,5,4,0,196.3999939,Late delivery,1,76
DEBIT,3,4,-38.91999817,118.2900009,Advance shipping,0,18
DEBIT,4,4,40.22000122,118.2900009,Shipping on time,0,18
DEBIT,5,4,-26.62000084,118.2900009,Late delivery,1,18
DEBIT,5,4,40.61999893,324.9599915,Late delivery,1,63
DEBIT,4,4,7.449999809,118.2900009,Shipping on time,0,18
DEBIT,6,4,-45.47000122,54.59000015,Late delivery,1,17
DEBIT,2,4,53.22999954,118.2900009,Advance shipping,0,18
DEBIT,2,4,35.49000168,118.2900009,Advance shipping,0,18
DEBIT,4,4,14.78999996,118.2900009,Shipping on time,0,18
DEBIT,5,4,35.49000168,118.2900009,Late delivery,1,18
DEBIT,2,4,-19.0699997,116.9899979,Advance shipping,0,18
DEBIT,4,4,38.02000046,116.9899979,Shipping on time,0,18
DEBIT,5,4,11.69999981,116.9899979,Late delivery,1,18
DEBIT,3,4,40.95000076,116.9899979,Advance shipping,0,18
DEBIT,3,4,85.38999939,189.7700043,Advance shipping,0,70
DEBIT,3,4,54.99000168,116.9899979,Advance shipping,0,18
DEBIT,2,4,38.61000061,116.9899979,Advance shipping,0,18
DEBIT,5,4,33.93000031,116.9899979,Late delivery,1,18
DEBIT,2,4,15.65999985,53.99000168,Advance shipping,0,17
DEBIT,6,4,71.16000366,189.7700043,Late delivery,1,70
DEBIT,2,4,14.61999989,116.9899979,Advance shipping,0,18
DEBIT,3,4,50.5,194.2400055,Advance shipping,0,76
DEBIT,3,4,39.77999878,116.9899979,Advance shipping,0,18
DEBIT,4,4,14.61999989,116.9899979,Shipping on time,0,18
DEBIT,3,4,58.5,116.9899979,Advance shipping,0,18
DEBIT,2,4,11.69999981,116.9899979,Advance shipping,0,18
DEBIT,4,4,-1.519999981,116.9899979,Shipping on time,0,18
DEBIT,5,4,25.92000008,53.99000168,Late delivery,1,17
DEBIT,4,4,3.960000038,52.79000092,Shipping on time,0,17
DEBIT,6,4,-22.87999916,114.3899994,Late delivery,1,18
DEBIT,3,4,-91.51000214,114.3899994,Advance shipping,0,18
DEBIT,4,4,-25.73999977,114.3899994,Shipping on time,0,18
DEBIT,5,4,9.149999619,114.3899994,Late delivery,1,18
DEBIT,3,4,10.0699997,114.3899994,Advance shipping,0,18
DEBIT,5,4,45.75999832,114.3899994,Late delivery,1,18
DEBIT,3,4,38.65999985,114.3899994,Advance shipping,0,18
DEBIT,3,4,54.90999985,114.3899994,Advance shipping,0,18
DEBIT,3,4,-11.21000004,189.9199982,Advance shipping,0,76
DEBIT,2,4,29.73999977,114.3899994,Advance shipping,0,18
DEBIT,3,4,-25.73999977,114.3899994,Advance shipping,0,18
DEBIT,6,4,13.72999954,114.3899994,Late delivery,1,18
DEBIT,4,4,29.73999977,114.3899994,Shipping on time,0,18
DEBIT,3,4,40.04000092,114.3899994,Advance shipping,0,18
DEBIT,5,4,-76.30000305,114.3899994,Late delivery,1,18
DEBIT,5,4,54.90999985,114.3899994,Late delivery,1,18
DEBIT,2,4,5.28000021,52.79000092,Advance shipping,0,17
DEBIT,5,4,-183.0299988,114.3899994,Late delivery,1,18
DEBIT,2,4,-171.5899963,114.3899994,Advance shipping,0,18
DEBIT,4,4,29.73999977,114.3899994,Shipping on time,0,18
DEBIT,6,4,29.39999962,113.0899963,Late delivery,1,18
DEBIT,2,4,14.09000015,52.18999863,Advance shipping,0,17
DEBIT,2,4,-4.860000134,113.0899963,Advance shipping,0,18
DEBIT,3,4,49.75999832,113.0899963,Advance shipping,0,18
DEBIT,5,4,54.27999878,113.0899963,Late delivery,1,18
DEBIT,3,4,29.39999962,113.0899963,Advance shipping,0,18
DEBIT,2,4,5.21999979,52.18999863,Advance shipping,0,17
DEBIT,5,4,41.04999924,113.0899963,Late delivery,1,18
DEBIT,5,4,29.73999977,113.0899963,Late delivery,1,18
DEBIT,3,4,-28.27000046,113.0899963,Advance shipping,0,18
DEBIT,4,4,-149.8500061,113.0899963,Shipping on time,0,18
DEBIT,4,4,29.39999962,113.0899963,Shipping on time,0,18
DEBIT,3,4,-90.47000122,113.0899963,Advance shipping,0,18
DEBIT,5,4,38.22000122,113.0899963,Late delivery,1,18
DEBIT,5,4,16.70000076,51.40000153,Late delivery,1,60
DEBIT,4,4,-262.8699951,183.4400024,Shipping on time,0,70
DEBIT,6,4,53.15000153,113.0899963,Late delivery,1,18
DEBIT,2,4,-201.9400024,310.6799927,Advance shipping,0,63
DEBIT,3,4,24.53000069,52.18999863,Advance shipping,0,17
DEBIT,3,4,55.40999985,113.0899963,Advance shipping,0,18
DEBIT,2,4,1.039999962,52.18999863,Advance shipping,0,17
DEBIT,6,4,21.48999977,113.0899963,Late delivery,1,18
DEBIT,6,4,-82.90000153,113.0899963,Late delivery,1,18
DEBIT,5,4,41.04999924,113.0899963,Late delivery,1,18
DEBIT,3,4,-169.6399994,113.0899963,Advance shipping,0,18
DEBIT,4,4,11.31000042,113.0899963,Shipping on time,0,18
DEBIT,6,4,-6.960000038,110.4899979,Late delivery,1,18
DEBIT,3,4,12.14999962,110.4899979,Advance shipping,0,18
DEBIT,4,4,6.960000038,110.4899979,Shipping on time,0,18
DEBIT,2,4,49.52999878,183.4499969,Advance shipping,0,76
DEBIT,5,4,5.519999981,110.4899979,Late delivery,1,18
DEBIT,6,4,-165.7400055,110.4899979,Late delivery,1,18
DEBIT,2,4,-73.69999695,110.4899979,Advance shipping,0,18
DEBIT,4,4,-38.52000046,50.22000122,Shipping on time,0,60
DEBIT,2,4,9.5,110.4899979,Advance shipping,0,18
DEBIT,3,4,53.04000092,110.4899979,Advance shipping,0,18
DEBIT,6,4,153.7700043,454.9500122,Late delivery,1,9
DEBIT,6,4,224.9799957,449.9599915,Late delivery,1,9
DEBIT,5,4,-314.9700012,449.9599915,Late delivery,1,9
DEBIT,3,4,101.2399979,449.9599915,Advance shipping,0,9
DEBIT,5,4,121.4899979,449.9599915,Late delivery,1,9
DEBIT,5,4,118.7900009,439.9599915,Late delivery,1,9
DEBIT,5,4,49.15000153,434.9599915,Late delivery,1,9
DEBIT,4,4,195.7299957,434.9599915,Shipping on time,0,9
DEBIT,5,4,36.97999954,127.5,Late delivery,1,9
DEBIT,5,4,133.0099945,424.9599915,Late delivery,1,9
DEBIT,3,4,172.1799927,419.9599915,Advance shipping,0,9
DEBIT,5,4,94.48999786,419.9599915,Late delivery,1,9
DEBIT,4,4,109.1900024,419.9599915,Shipping on time,0,9
DEBIT,2,4,22.84000015,134.3600006,Advance shipping,0,13
DEBIT,5,4,-643.1900024,414.9599915,Late delivery,1,9
DEBIT,2,4,114.7900009,409.9599915,Advance shipping,0,9
DEBIT,3,4,-215.2299957,409.9599915,Advance shipping,0,9
DEBIT,6,4,-286.9700012,409.9599915,Late delivery,1,9
DEBIT,2,4,36.08000183,409.9599915,Advance shipping,0,9
DEBIT,4,4,184.4799957,409.9599915,Shipping on time,0,9
DEBIT,5,4,-51.59000015,399.9599915,Late delivery,1,9
DEBIT,4,4,135.1900024,399.9599915,Shipping on time,0,9
DEBIT,5,4,145.1900024,399.9599915,Late delivery,1,9
DEBIT,5,4,140.6100006,374.9599915,Late delivery,1,9
DEBIT,2,4,179.9799957,374.9599915,Advance shipping,0,9
DEBIT,5,4,168.7299957,374.9599915,Late delivery,1,9
DEBIT,4,4,-61.11999893,374.9599915,Shipping on time,0,9
DEBIT,4,4,122.9800034,299.9500122,Shipping on time,0,17
DEBIT,2,4,86.98999786,299.9500122,Advance shipping,0,17
DEBIT,2,4,-44.99000168,299.9500122,Advance shipping,0,17
DEBIT,4,4,-824.8599854,299.9500122,Shipping on time,0,17
DEBIT,6,4,-393.4599915,296.9500122,Late delivery,1,17
DEBIT,4,4,83.15000153,296.9500122,Shipping on time,0,17
DEBIT,4,4,100.3700027,296.9500122,Shipping on time,0,17
DEBIT,3,4,106.9000015,296.9500122,Advance shipping,0,17
DEBIT,4,4,83.15000153,296.9500122,Shipping on time,0,17
DEBIT,6,4,97.98999786,296.9500122,Late delivery,1,17
DEBIT,4,4,89.08999634,296.9500122,Shipping on time,0,17
DEBIT,5,4,100.3700027,296.9500122,Late delivery,1,17
DEBIT,3,4,99.36000061,293.9500122,Advance shipping,0,17
DEBIT,4,4,132.2799988,293.9500122,Shipping on time,0,17
DEBIT,3,4,14.69999981,293.9500122,Advance shipping,0,17
DEBIT,5,4,99.36000061,293.9500122,Late delivery,1,17
DEBIT,2,4,29.10000038,290.9500122,Advance shipping,0,17
DEBIT,3,4,133.8399963,290.9500122,Advance shipping,0,17
DEBIT,3,4,29.10000038,290.9500122,Advance shipping,0,17
DEBIT,4,4,87.29000092,290.9500122,Shipping on time,0,17
DEBIT,3,4,87.29000092,290.9500122,Advance shipping,0,17
DEBIT,3,4,3.49000001,290.9500122,Advance shipping,0,17
DEBIT,2,4,106.5400009,287.9500122,Advance shipping,0,17
DEBIT,4,4,97.33000183,287.9500122,Shipping on time,0,17
DEBIT,5,4,138.2200012,287.9500122,Late delivery,1,17
DEBIT,4,4,-14.39999962,287.9500122,Shipping on time,0,17
DEBIT,6,4,92.61000061,284.9500122,Late delivery,1,17
DEBIT,6,4,-39.3199997,284.9500122,Late delivery,1,17
DEBIT,4,4,96.37000275,283.4500122,Shipping on time,0,17
DEBIT,2,4,88.72000122,283.4500122,Advance shipping,0,17
DEBIT,3,4,136.0599976,283.4500122,Advance shipping,0,17
DEBIT,5,4,-311.7999878,283.4500122,Late delivery,1,17
DEBIT,5,4,92.12000275,283.4500122,Late delivery,1,17
DEBIT,2,4,72.52999878,278.9500122,Advance shipping,0,17
DEBIT,5,4,72.52999878,278.9500122,Late delivery,1,17
DEBIT,2,4,103.7200012,272.9500122,Advance shipping,0,17
DEBIT,3,4,49.13000107,272.9500122,Advance shipping,0,17
DEBIT,5,4,92.26000214,272.9500122,Late delivery,1,17
DEBIT,3,4,30.84000015,272.9500122,Advance shipping,0,17
DEBIT,2,4,-19.17000008,269.9599915,Advance shipping,0,17
DEBIT,6,4,9.770000458,263.9599915,Late delivery,1,17
DEBIT,6,4,85.79000092,263.9599915,Late delivery,1,17
DEBIT,4,4,126.6999969,263.9599915,Shipping on time,0,17
DEBIT,6,4,121.4199982,263.9599915,Late delivery,1,17
DEBIT,4,4,-409.1300049,263.9599915,Shipping on time,0,17
DEBIT,6,4,29.04000092,263.9599915,Late delivery,1,17
DEBIT,2,4,43.02000046,263.9599915,Advance shipping,0,17
DEBIT,2,4,-11.22000027,260.9599915,Advance shipping,0,17
DEBIT,5,4,86.12000275,260.9599915,Late delivery,1,17
DEBIT,4,4,99.16000366,260.9599915,Shipping on time,0,17
DEBIT,5,4,73.0699997,260.9599915,Late delivery,1,17
DEBIT,2,4,106.9899979,260.9599915,Advance shipping,0,17
DEBIT,5,4,81.68000031,260.9599915,Late delivery,1,17
DEBIT,4,4,117.2799988,254.9600067,Shipping on time,0,17
DEBIT,3,4,66.29000092,254.9600067,Advance shipping,0,17
DEBIT,4,4,28.80999947,254.9600067,Shipping on time,0,17
DEBIT,6,4,28.80999947,254.9600067,Late delivery,1,17
DEBIT,5,4,67.05000305,254.9600067,Late delivery,1,17
DEBIT,5,4,114.7300034,254.9600067,Late delivery,1,17
DEBIT,5,4,-184.6900024,251.9600067,Late delivery,1,17
DEBIT,3,4,120.9400024,251.9600067,Advance shipping,0,17
DEBIT,5,4,-56.68999863,251.9600067,Late delivery,1,17
DEBIT,6,4,4.980000019,248.9600067,Late delivery,1,17
DEBIT,5,4,21.90999985,248.9600067,Late delivery,1,17
DEBIT,2,4,44.81000137,248.9600067,Advance shipping,0,17
TRANSFER,2,4,10.78999996,41.47999954,Advance shipping,0,40
TRANSFER,5,4,7.079999924,26.21999931,Late delivery,1,41
TRANSFER,2,4,16.02000046,51.18000031,Advance shipping,0,37
TRANSFER,2,4,89.29000092,189.9799957,Shipping canceled,0,9
TRANSFER,2,4,-74.38999939,185.9799957,Shipping canceled,0,9
TRANSFER,5,4,-107.8700027,173.9799957,Shipping canceled,0,9
TRANSFER,2,4,65.51000214,167.9799957,Shipping canceled,0,9
TRANSFER,4,4,47.50999832,105.5800018,Shipping canceled,0,17
TRANSFER,4,4,52.18999863,104.3799973,Shipping canceled,0,17
TRANSFER,3,4,32.66999817,104.3799973,Shipping canceled,0,17
TRANSFER,2,4,34.65000153,99,Shipping canceled,0,24
TRANSFER,2,4,25.47999954,98,Shipping canceled,0,24
TRANSFER,4,4,-12.38000011,75.98000336,Shipping canceled,0,29
TRANSFER,4,4,22.39999962,80,Shipping canceled,0,24
TRANSFER,4,4,37.54999924,119.9800034,Shipping canceled,0,17
TRANSFER,5,4,36.25999832,111.5800018,Shipping canceled,0,17
TRANSFER,4,4,6.75,89.98999786,Shipping canceled,0,17
TRANSFER,4,4,-65.25,90,Shipping canceled,0,24
TRANSFER,5,4,22.20000076,47.22999954,Shipping canceled,0,40
TRANSFER,2,4,95.98999786,199.9799957,Advance shipping,0,9
TRANSFER,4,4,-79.77999878,108.8399963,Shipping on time,0,12
TRANSFER,6,4,95.02999878,197.9799957,Late delivery,1,9
TRANSFER,3,4,50.95000076,195.9799957,Advance shipping,0,9
TRANSFER,2,4,-41.74000168,195.9799957,Advance shipping,0,9
TRANSFER,4,4,89.16999817,181.9799957,Shipping on time,0,9
TRANSFER,6,4,-304.4700012,173.9799957,Late delivery,1,9
TRANSFER,4,4,75.43000031,163.9799957,Shipping on time,0,9
TRANSFER,4,4,25.80999947,82.45999908,Shipping on time,0,12
TRANSFER,3,4,-34.79000092,47.99000168,Advance shipping,0,13
TRANSFER,3,4,51.83000183,115.1800003,Advance shipping,0,17
TRANSFER,3,4,8.550000191,113.9800034,Advance shipping,0,17
TRANSFER,2,4,54.41999817,113.3799973,Advance shipping,0,17
TRANSFER,4,4,22.89999962,99.58000183,Shipping on time,0,17
TRANSFER,5,4,26.55999947,98.37999725,Late delivery,1,17
TRANSFER,2,4,9.840000153,98.37999725,Advance shipping,0,17
TRANSFER,2,4,-157.4700012,89.98999786,Advance shipping,0,17
TRANSFER,5,4,-166.6000061,98,Late delivery,1,24
TRANSFER,3,4,-15.39000034,98,Advance shipping,0,24
TRANSFER,4,4,47.04000092,96,Shipping on time,0,24
TRANSFER,4,4,-32.93000031,96,Shipping on time,0,24
TRANSFER,5,4,-61.95999908,74.37999725,Late delivery,1,29
TRANSFER,2,4,-18.60000038,74.37999725,Advance shipping,0,26
TRANSFER,2,4,21.12000084,88,Advance shipping,0,24
TRANSFER,2,4,24.35000038,69.58000183,Advance shipping,0,29
TRANSFER,3,4,16.18000031,67.98000336,Advance shipping,0,29
TRANSFER,3,4,31.5,84,Advance shipping,0,24
TRANSFER,6,4,-16.60000038,83,Late delivery,1,24
TRANSFER,3,4,35.68999863,83,Advance shipping,0,24
TRANSFER,2,4,29.51000023,65.58000183,Advance shipping,0,29
TRANSFER,3,4,22.38999939,63.97999954,Advance shipping,0,37
TRANSFER,4,4,25.90999985,95.98000336,Shipping on time,0,37
TRANSFER,3,4,-0.50999999,39.18000031,Advance shipping,0,36
TRANSFER,6,4,11.8199997,36.38000107,Late delivery,1,36
TRANSFER,4,4,10.51000023,33.58000183,Shipping on time,0,36
TRANSFER,2,4,35.3199997,76.77999878,Advance shipping,0,37
TRANSFER,6,4,9,119.9800034,Late delivery,1,3
TRANSFER,4,4,66.62999725,195.9799957,Shipping on time,0,9
TRANSFER,4,4,91.16999817,193.9799957,Shipping on time,0,9
TRANSFER,6,4,-3.019999981,52.90000153,Late delivery,1,13
TRANSFER,4,4,54.45999908,173.9799957,Shipping on time,0,9
TRANSFER,4,4,14.96000004,169.9799957,Shipping on time,0,9
TRANSFER,4,4,14.93999958,165.9799957,Shipping on time,0,9
TRANSFER,6,4,31.20000076,165.9799957,Late delivery,1,9
TRANSFER,4,4,6.639999866,165.9799957,Shipping on time,0,9
TRANSFER,6,4,14.07999992,159.9799957,Late delivery,1,9
TRANSFER,3,4,43.5,149.9900055,Advance shipping,0,9
TRANSFER,2,4,-1.440000057,119.9800034,Advance shipping,0,17
TRANSFER,6,4,37.18000031,118.7799988,Late delivery,1,17
TRANSFER,2,4,38.40999985,116.3799973,Advance shipping,0,17
TRANSFER,6,4,-82.63999939,113.9800034,Late delivery,1,17
TRANSFER,6,4,35.49000168,113.3799973,Late delivery,1,17
TRANSFER,5,4,-83.73999786,109.1800003,Late delivery,1,17
TRANSFER,6,4,-30.22999954,100.7799988,Late delivery,1,17
TRANSFER,3,4,32.45000076,100.7799988,Advance shipping,0,17
TRANSFER,5,4,47.79999924,99.58000183,Late delivery,1,17
TRANSFER,2,4,19.17000008,89.98999786,Advance shipping,0,17
TRANSFER,4,4,27.70999908,79.18000031,Shipping on time,0,29
TRANSFER,5,4,-6.170000076,98,Late delivery,1,24
TRANSFER,5,4,49,98,Late delivery,1,24
TRANSFER,2,4,47.04000092,98,Advance shipping,0,24
TRANSFER,3,4,-7.760000229,77.58000183,Advance shipping,0,29
TRANSFER,4,4,6.980000019,77.58000183,Shipping on time,0,29
TRANSFER,3,4,25.20999908,77.58000183,Advance shipping,0,29
TRANSFER,2,4,47.52999878,97,Advance shipping,0,24
TRANSFER,5,4,18.53000069,57,Late delivery,1,26
TRANSFER,5,4,-69.26999664,94.5,Late delivery,1,24
TRANSFER,2,4,26.38999939,91,Advance shipping,0,24
TRANSFER,4,4,-27.87999916,72.77999878,Shipping on time,0,29
TRANSFER,4,4,42.63000107,87,Shipping on time,0,24
TRANSFER,6,4,36.54000092,87,Late delivery,1,24
CASH,2,2,135.3000031,314.6400146,Shipping on time,0,73
DEBIT,6,4,38.91999817,311.3599854,Late delivery,1,73
CASH,5,4,108.4000015,309.7200012,Late delivery,1,73
PAYMENT,4,4,-472.4500122,304.8099976,Shipping on time,0,73
PAYMENT,3,4,-447.3800049,298.25,Advance shipping,0,73
TRANSFER,2,2,-796.4299927,294.980011,Shipping on time,0,73
TRANSFER,6,2,95.18000031,288.4200134,Late delivery,1,73
TRANSFER,2,1,57.02999878,285.1400146,Late delivery,1,73
TRANSFER,2,1,125.3600006,278.5899963,Late delivery,1,73
CASH,2,1,34.40999985,275.3099976,Late delivery,1,73
TRANSFER,2,1,23.94000053,272.0299988,Late delivery,1,73
DEBIT,6,4,16.93000031,268.7600098,Late delivery,1,73
PAYMENT,5,4,91.76999664,262.2000122,Late delivery,1,73
DEBIT,4,4,86.02999878,245.8099976,Shipping on time,0,73
DEBIT,3,4,95.05000305,327.75,Advance shipping,0,73
PAYMENT,2,4,35.68999863,324.4700012,Advance shipping,0,73
TRANSFER,6,4,160.6000061,321.2000122,Shipping canceled,0,73
DEBIT,5,2,115.4000015,317.9200134,Late delivery,1,73
DEBIT,4,2,138.4400024,314.6400146,Late delivery,1,73
DEBIT,3,2,41.40999985,311.3599854,Late delivery,1,73
DEBIT,2,1,-38.72000122,309.7200012,Late delivery,1,73
DEBIT,2,1,95.40000153,304.8099976,Late delivery,1,73
DEBIT,2,1,70.98000336,298.25,Late delivery,1,73
CASH,2,1,-486.7099915,294.980011,Late delivery,1,73
PAYMENT,2,1,61.43000031,288.4200134,Late delivery,1,73
TRANSFER,0,0,96.94999695,285.1400146,Shipping on time,0,73
TRANSFER,6,4,78,278.5899963,Late delivery,1,73
DEBIT,5,4,24.22999954,275.3099976,Late delivery,1,73
DEBIT,4,4,30.73999977,272.0299988,Shipping on time,0,73
TRANSFER,3,4,45.68999863,268.7600098,Advance shipping,0,73
PAYMENT,2,4,88.62000275,262.2000122,Advance shipping,0,73
DEBIT,6,4,49.15999985,245.8099976,Late delivery,1,73
DEBIT,5,2,118.9700012,327.75,Late delivery,1,73
CASH,4,2,113.5699997,324.4700012,Late delivery,1,73
DEBIT,3,2,8.029999733,321.2000122,Late delivery,1,73
PAYMENT,2,2,146.2400055,317.9200134,Shipping on time,0,73
DEBIT,6,2,-7.869999886,314.6400146,Late delivery,1,73
DEBIT,2,1,108.9800034,311.3599854,Late delivery,1,73
DEBIT,4,2,58.84999847,309.7200012,Late delivery,1,73
PAYMENT,3,4,-502.9299927,304.8099976,Advance shipping,0,73
DEBIT,2,4,29.82999992,298.25,Advance shipping,0,73
PAYMENT,6,4,-796.4299927,294.980011,Late delivery,1,73
DEBIT,5,2,-211.4100037,288.4200134,Late delivery,1,73
TRANSFER,4,2,-49.90000153,285.1400146,Late delivery,1,73
TRANSFER,3,4,73.26999664,278.5899963,Advance shipping,0,73
PAYMENT,2,4,-61.93999863,275.3099976,Advance shipping,0,73
CASH,6,4,95.20999908,272.0299988,Late delivery,1,73
TRANSFER,5,4,53.75,268.7600098,Shipping canceled,0,73
TRANSFER,4,2,16.52000046,262.2000122,Late delivery,1,73
PAYMENT,1,0,15.23999977,245.8099976,Late delivery,1,73
DEBIT,2,4,150.7700043,327.75,Advance shipping,0,73
CASH,6,4,121.6800003,324.4700012,Late delivery,1,73
TRANSFER,5,4,-80.30000305,321.2000122,Late delivery,1,73
PAYMENT,4,4,-63.58000183,317.9200134,Shipping on time,0,73
TRANSFER,3,4,110.1200027,314.6400146,Shipping canceled,0,73
PAYMENT,2,4,121.4300003,311.3599854,Advance shipping,0,73
TRANSFER,6,4,99.11000061,309.7200012,Late delivery,1,73
DEBIT,5,4,-91.44000244,304.8099976,Late delivery,1,73
PAYMENT,4,4,83.51000214,298.25,Shipping on time,0,73
TRANSFER,3,4,103.2399979,294.980011,Advance shipping,0,73
DEBIT,2,4,138.4400024,288.4200134,Advance shipping,0,73
CASH,6,4,139.7200012,285.1400146,Late delivery,1,73
DEBIT,5,2,108.6500015,278.5899963,Late delivery,1,73
DEBIT,4,2,89.48000336,275.3099976,Late delivery,1,73
TRANSFER,3,4,-199.3999939,272.0299988,Advance shipping,0,73
PAYMENT,2,4,-102.9300003,268.7600098,Advance shipping,0,73
PAYMENT,6,2,-117.9899979,262.2000122,Late delivery,1,73
TRANSFER,5,2,89.23000336,245.8099976,Shipping canceled,0,73
PAYMENT,2,4,157.3200073,327.75,Advance shipping,0,73
TRANSFER,6,4,94.09999847,324.4700012,Late delivery,1,73
DEBIT,5,4,93.15000153,321.2000122,Late delivery,1,73
TRANSFER,4,4,15.89999962,317.9200134,Shipping on time,0,73
PAYMENT,3,4,0,314.6400146,Advance shipping,0,73
TRANSFER,2,4,89.66999817,311.3599854,Advance shipping,0,73
PAYMENT,6,4,104.6900024,309.7200012,Late delivery,1,73
TRANSFER,5,4,69.80000305,304.8099976,Late delivery,1,73
DEBIT,4,2,63.52999878,298.25,Late delivery,1,73
TRANSFER,3,4,70.19999695,294.980011,Advance shipping,0,73
DEBIT,2,4,-187.4700012,288.4200134,Advance shipping,0,73
TRANSFER,6,4,21.38999939,285.1400146,Late delivery,1,73
DEBIT,5,4,103.0800018,278.5899963,Late delivery,1,73
PAYMENT,4,4,27.53000069,275.3099976,Shipping on time,0,73
PAYMENT,3,4,59.84999847,272.0299988,Advance shipping,0,73
DEBIT,2,1,30.37000084,268.7600098,Late delivery,1,73
CASH,2,1,78.66000366,262.2000122,Late delivery,1,73
DEBIT,2,1,18.44000053,245.8099976,Late delivery,1,73
DEBIT,2,1,65.55000305,327.75,Late delivery,1,73
CASH,3,4,109.6699982,324.4700012,Advance shipping,0,73
DEBIT,2,4,144.5399933,321.2000122,Advance shipping,0,73
DEBIT,6,4,-63.58000183,317.9200134,Late delivery,1,73
TRANSFER,5,4,151.0299988,314.6400146,Late delivery,1,73
TRANSFER,4,4,108.9800034,311.3599854,Shipping on time,0,73
PAYMENT,3,4,-7.739999771,309.7200012,Advance shipping,0,73
DEBIT,2,2,83.8199997,304.8099976,Shipping on time,0,73
PAYMENT,6,4,63.52999878,298.25,Late delivery,1,73
DEBIT,5,2,67.83999634,294.980011,Late delivery,1,73
PAYMENT,2,1,36.04999924,288.4200134,Late delivery,1,73
DEBIT,3,4,125.4599991,285.1400146,Advance shipping,0,73
CASH,2,2,136.5099945,278.5899963,Shipping on time,0,73
DEBIT,6,2,-27.53000069,275.3099976,Late delivery,1,73
TRANSFER,5,2,51.13999939,272.0299988,Late delivery,1,73
CASH,2,1,23.64999962,268.7600098,Late delivery,1,73
DEBIT,3,4,95.18000031,262.2000122,Advance shipping,0,73
TRANSFER,2,4,120.4499969,245.8099976,Shipping canceled,0,73
TRANSFER,6,4,13.10999966,327.75,Late delivery,1,73
DEBIT,5,4,152.5,324.4700012,Late delivery,1,73
PAYMENT,4,4,40.15000153,321.2000122,Shipping on time,0,73
DEBIT,0,0,27.97999954,317.9200134,Shipping on time,0,73
CASH,2,4,31.45999908,314.6400146,Advance shipping,0,73
DEBIT,6,4,101.1900024,311.3599854,Late delivery,1,73
TRANSFER,5,4,104.6900024,309.7200012,Late delivery,1,73
DEBIT,4,4,53.34000015,304.8099976,Shipping on time,0,73
CASH,3,4,-67.11000061,298.25,Advance shipping,0,73
PAYMENT,2,4,25.95999908,294.980011,Advance shipping,0,73
TRANSFER,6,4,43.25999832,288.4200134,Late delivery,1,73
TRANSFER,5,4,99.80000305,285.1400146,Shipping canceled,0,73
DEBIT,4,4,-24.52000046,278.5899963,Shipping on time,0,73
CASH,3,4,31.11000061,275.3099976,Advance shipping,0,73
DEBIT,2,4,-129.2200012,272.0299988,Advance shipping,0,73
PAYMENT,2,1,33.59000015,268.7600098,Late delivery,1,73
PAYMENT,2,1,88.62000275,262.2000122,Late delivery,1,73
TRANSFER,2,1,105.6999969,245.8099976,Shipping canceled,0,73
DEBIT,3,4,85.22000122,327.75,Advance shipping,0,73
CASH,2,4,158.9900055,324.4700012,Advance shipping,0,73
TRANSFER,6,4,22.47999954,321.2000122,Late delivery,1,73
DEBIT,5,4,50.86999893,317.9200134,Late delivery,1,73
CASH,2,1,84.94999695,314.6400146,Late delivery,1,73
DEBIT,2,1,77.83999634,311.3599854,Late delivery,1,73
TRANSFER,2,4,145.5700073,309.7200012,Advance shipping,0,73
CASH,6,4,128.0200043,304.8099976,Late delivery,1,73
DEBIT,5,4,108.2699966,298.25,Late delivery,1,73
DEBIT,4,4,103.2399979,294.980011,Shipping on time,0,73
TRANSFER,3,4,25.37999916,288.4200134,Advance shipping,0,73
TRANSFER,2,1,122.6100006,285.1400146,Late delivery,1,73
DEBIT,6,4,-46.52000046,278.5899963,Late delivery,1,73
DEBIT,5,4,-403.8800049,275.3099976,Late delivery,1,73
DEBIT,4,4,81.61000061,272.0299988,Shipping on time,0,73
DEBIT,3,4,70.68000031,268.7600098,Advance shipping,0,73
TRANSFER,2,4,55.06000137,262.2000122,Advance shipping,0,73
CASH,6,4,83.08000183,245.8099976,Late delivery,1,73
PAYMENT,5,4,91.76999664,327.75,Late delivery,1,73
DEBIT,4,4,110.3199997,324.4700012,Shipping on time,0,73
PAYMENT,3,4,102.7799988,321.2000122,Advance shipping,0,73
TRANSFER,2,2,139.8800049,317.9200134,Shipping on time,0,73
TRANSFER,2,1,35.54999924,314.6400146,Late delivery,1,73
DEBIT,5,4,149.4499969,311.3599854,Late delivery,1,73
TRANSFER,4,4,116.1500015,309.7200012,Shipping on time,0,73
DEBIT,3,4,103.0199966,304.8099976,Advance shipping,0,73
PAYMENT,2,4,143.1600037,298.25,Advance shipping,0,73
DEBIT,6,4,11.21000004,294.980011,Late delivery,1,73
CASH,5,4,138.4400024,288.4200134,Late delivery,1,73
DEBIT,4,4,142.5700073,285.1400146,Shipping on time,0,73
TRANSFER,3,4,133.7200012,278.5899963,Shipping canceled,0,73
PAYMENT,2,4,71.58000183,275.3099976,Advance shipping,0,73
TRANSFER,6,4,27.20000076,272.0299988,Shipping canceled,0,73
TRANSFER,2,1,112.8799973,268.7600098,Late delivery,1,73
DEBIT,2,1,28.84000015,262.2000122,Late delivery,1,73
TRANSFER,2,1,113.0699997,245.8099976,Shipping canceled,0,73
PAYMENT,2,1,110.7799988,327.75,Late delivery,1,73
DEBIT,2,1,87.61000061,324.4700012,Late delivery,1,73
TRANSFER,2,1,92.5,321.2000122,Late delivery,1,73
TRANSFER,2,1,82.66000366,317.9200134,Late delivery,1,73
DEBIT,2,1,141.5899963,314.6400146,Late delivery,1,73
DEBIT,2,4,149.4499969,311.3599854,Advance shipping,0,73
DEBIT,6,4,83.62999725,309.7200012,Late delivery,1,73
DEBIT,5,4,39.61999893,304.8099976,Late delivery,1,73
PAYMENT,4,4,29.82999992,298.25,Shipping on time,0,73
DEBIT,3,4,126.8399963,294.980011,Advance shipping,0,73
CASH,2,2,141.3300018,288.4200134,Shipping on time,0,73
DEBIT,6,2,142.5700073,285.1400146,Late delivery,1,73
PAYMENT,5,4,5.570000172,278.5899963,Late delivery,1,73
TRANSFER,4,4,126.6399994,275.3099976,Shipping on time,0,73
DEBIT,3,4,98.75,272.0299988,Advance shipping,0,73
DEBIT,2,4,94.05999756,268.7600098,Advance shipping,0,73
DEBIT,6,4,-29.62999916,262.2000122,Late delivery,1,73
DEBIT,5,4,83.08000183,245.8099976,Late delivery,1,73
DEBIT,4,4,114.7099991,327.75,Shipping on time,0,73
PAYMENT,3,4,36.66999817,324.4700012,Advance shipping,0,73
DEBIT,2,4,28.27000046,321.2000122,Advance shipping,0,73
DEBIT,6,4,-216.1799927,317.9200134,Late delivery,1,73
TRANSFER,5,4,90.62000275,314.6400146,Late delivery,1,73
PAYMENT,4,4,62.27000046,311.3599854,Shipping on time,0,73
PAYMENT,3,2,-640.2000122,309.7200012,Late delivery,1,73
DEBIT,2,4,-213.3699951,304.8099976,Advance shipping,0,73
TRANSFER,6,4,-218.6199951,298.25,Shipping canceled,0,73
PAYMENT,5,2,73.73999786,294.980011,Late delivery,1,73
DEBIT,4,2,100.9499969,288.4200134,Late delivery,1,73
DEBIT,3,2,128.3099976,285.1400146,Late delivery,1,73
TRANSFER,2,2,136.5099945,278.5899963,Shipping on time,0,73
TRANSFER,0,0,61.93999863,275.3099976,Shipping on time,0,73
TRANSFER,0,0,27.20000076,272.0299988,Shipping on time,0,73
DEBIT,4,4,72.55999756,268.7600098,Shipping on time,0,73
TRANSFER,3,4,55.06000137,262.2000122,Advance shipping,0,73
PAYMENT,4,2,-807.4199829,474.9500122,Late delivery,1,9
PAYMENT,6,2,-59.38999939,296.9500122,Late delivery,1,17
PAYMENT,6,2,-244.8600006,293.9500122,Late delivery,1,17
PAYMENT,4,2,141.1000061,293.9500122,Late delivery,1,17
PAYMENT,6,2,99.20999908,283.4500122,Late delivery,1,17
PAYMENT,3,2,-3.680000067,283.4500122,Late delivery,1,17
PAYMENT,2,2,65.23999786,260.9599915,Shipping on time,0,17
PAYMENT,6,2,71.38999939,254.9600067,Late delivery,1,17
PAYMENT,4,2,63.74000168,254.9600067,Late delivery,1,17
PAYMENT,4,2,113.1399994,245.9600067,Late delivery,1,17
PAYMENT,3,2,101.2300034,224.9600067,Late delivery,1,17
PAYMENT,3,2,49,245,Late delivery,1,24
PAYMENT,4,2,48.99000168,195.9499969,Late delivery,1,29
PAYMENT,2,2,70.33000183,242.5,Shipping on time,0,24
PAYMENT,5,2,109.25,237.5,Late delivery,1,24
PAYMENT,5,2,-160.6100006,188.9499969,Late delivery,1,29
PAYMENT,6,2,87.33999634,181.9499969,Late delivery,1,29
PAYMENT,4,2,68.86000061,220,Late delivery,1,24
PAYMENT,4,2,56.54999924,217.5,Late delivery,1,24
PAYMENT,3,2,76.12999725,217.5,Late delivery,1,24
PAYMENT,4,2,30.75,205,Late delivery,1,24
PAYMENT,6,2,128.6900024,494.9500122,Late delivery,1,9
PAYMENT,5,2,-674.9299927,449.9599915,Late delivery,1,9
PAYMENT,5,2,33.22000122,293.9500122,Late delivery,1,17
PAYMENT,3,2,98.33999634,290.9500122,Late delivery,1,17
PAYMENT,5,2,60.47000122,287.9500122,Late delivery,1,17
PAYMENT,4,2,124.7200012,283.4500122,Late delivery,1,17
PAYMENT,2,2,115.1800003,239.9600067,Shipping on time,0,17
PAYMENT,5,2,-127.4000015,245,Late delivery,1,24
PAYMENT,2,2,84,240,Shipping on time,0,24
PAYMENT,2,2,21.73999977,173.9600067,Shipping on time,0,29
PAYMENT,3,2,-13.3199997,283.4500122,Late delivery,1,17
PAYMENT,2,2,16.44000053,260.9599915,Shipping on time,0,17
PAYMENT,6,2,9,179.9600067,Late delivery,1,29
PAYMENT,6,2,35.09999847,225,Late delivery,1,24
PAYMENT,2,2,60.18000031,207.5,Shipping on time,0,24
PAYMENT,6,2,39.38999939,121.1999969,Late delivery,1,40
PAYMENT,2,4,1.129999995,37.5,Advance shipping,0,24
PAYMENT,6,4,26.25,74.98999786,Late delivery,1,9
PAYMENT,4,4,35.09999847,129.9900055,Shipping on time,0,18
PAYMENT,4,4,65,129.9900055,Shipping on time,0,18
PAYMENT,4,4,20.97999954,128.6900024,Shipping on time,0,18
PAYMENT,6,4,59.86999893,127.3899994,Late delivery,1,18
PAYMENT,6,4,9.460000038,126.0899963,Late delivery,1,18
PAYMENT,4,4,-9.489999771,58.18999863,Shipping on time,0,17
PAYMENT,3,4,39.06000137,124.7900009,Advance shipping,0,18
PAYMENT,3,4,26.20000076,54.59000015,Advance shipping,0,17
PAYMENT,3,4,8.289999962,110.4899979,Advance shipping,0,18
PAYMENT,6,4,-13.44999981,50.38999939,Late delivery,1,17
PAYMENT,3,4,-4.150000095,109.1900024,Advance shipping,0,18
PAYMENT,2,4,48.54999924,107.8899994,Advance shipping,0,18
PAYMENT,5,4,49.02999878,106.5899963,Late delivery,1,18
PAYMENT,6,4,35.09999847,97.48999786,Late delivery,1,18
PAYMENT,3,4,0.449999988,44.99000168,Advance shipping,0,17
PAYMENT,6,4,48.75,97.48999786,Late delivery,1,18
PAYMENT,6,4,-31.48999977,44.99000168,Late delivery,1,17
PAYMENT,4,4,9.300000191,46.5,Shipping on time,0,24
PAYMENT,6,4,6.599999905,44,Late delivery,1,24
PAYMENT,3,4,15.52000046,31.67000008,Advance shipping,0,37
PAYMENT,5,4,-34.11000061,22.73999977,Late delivery,1,40
PAYMENT,5,4,-47.43000031,290.980011,Late delivery,1,43
PAYMENT,6,4,11.52000046,287.980011,Late delivery,1,43
PAYMENT,4,4,27.89999962,278.980011,Shipping on time,0,43
PAYMENT,3,4,97.63999939,278.980011,Advance shipping,0,43
PAYMENT,3,4,33,263.980011,Advance shipping,0,43
PAYMENT,6,4,122.6600037,260.980011,Late delivery,1,43
PAYMENT,5,4,-195.5700073,254.9799957,Late delivery,1,43
PAYMENT,6,4,84.16000366,248.9799957,Late delivery,1,43
PAYMENT,4,4,120.5299988,245.9799957,Shipping on time,0,43
PAYMENT,4,4,67.19999695,239.9799957,Shipping on time,0,43
PAYMENT,3,4,82.41000366,1230,Advance shipping,0,64
PAYMENT,5,4,-23.97999954,110.4899979,Late delivery,1,18
PAYMENT,5,4,38.22000122,109.1900024,Late delivery,1,18
PAYMENT,6,4,0.899999976,45,Late delivery,1,24
PAYMENT,3,4,17.34000015,197.0099945,Advance shipping,0,38
PAYMENT,4,4,-44.29000092,391.980011,Shipping on time,0,45
PAYMENT,4,4,80.91999817,248.9799957,Shipping on time,0,43
PAYMENT,6,4,13.71000004,27.96999931,Late delivery,1,59
PAYMENT,6,4,164.0899963,452.0400085,Late delivery,1,62
PAYMENT,2,4,118.8499985,252.8800049,Advance shipping,0,65
PAYMENT,5,4,-78.3199997,447.519989,Late delivery,1,62
PAYMENT,6,4,67.12999725,447.519989,Late delivery,1,62
PAYMENT,4,4,131.5399933,438.480011,Shipping on time,0,62
PAYMENT,2,4,201.7899933,420.3999939,Advance shipping,0,62
PAYMENT,4,4,79.66000366,227.5899963,Shipping on time,0,65
PAYMENT,4,4,-69.61000061,397.7999878,Shipping on time,0,62
PAYMENT,2,4,74.72000122,393.269989,Advance shipping,0,62
PAYMENT,2,4,599.25,1275,Advance shipping,0,64
PAYMENT,2,4,184.4299927,384.230011,Advance shipping,0,62
PAYMENT,4,4,9.489999771,379.7099915,Shipping on time,0,62
PAYMENT,3,4,132.8999939,379.7099915,Advance shipping,0,62
PAYMENT,6,4,66.44999695,379.7099915,Late delivery,1,62
PAYMENT,5,4,410.8500061,1245,Late delivery,1,64
PAYMENT,4,4,86.40000153,287.9899902,Shipping on time,0,4
PAYMENT,6,4,17.04999924,65.58999634,Late delivery,1,2
PAYMENT,5,4,-54.99000168,99.98999786,Late delivery,1,9
PAYMENT,5,4,19.79999924,98.98999786,Late delivery,1,9
PAYMENT,5,4,24.75,98.98999786,Late delivery,1,9
PAYMENT,3,4,12,95.98999786,Advance shipping,0,9
PAYMENT,2,4,39.15000153,86.98999786,Advance shipping,0,9
PAYMENT,6,4,-198.8800049,76.48999786,Late delivery,1,12
PAYMENT,3,4,10.5,83.98999786,Advance shipping,0,9
PAYMENT,6,4,-9.380000114,82.98999786,Late delivery,1,9
PAYMENT,5,4,37.72000122,81.98999786,Late delivery,1,9
PAYMENT,2,4,13.03999996,79.98999786,Advance shipping,0,9
PAYMENT,6,4,6.599999905,74.98999786,Late delivery,1,9
PAYMENT,6,4,15.60000038,59.99000168,Late delivery,1,17
PAYMENT,2,4,33.79999924,129.9900055,Advance shipping,0,18
PAYMENT,6,4,160.6999969,357.1000061,Late delivery,1,63
PAYMENT,5,4,46.15000153,461.480011,Late delivery,1,66
PAYMENT,6,4,-99.69999695,129.9900055,Late delivery,1,18
PAYMENT,5,4,58.5,129.9900055,Late delivery,1,18
PAYMENT,4,4,169.6900024,353.5299988,Shipping on time,0,63
PAYMENT,6,4,45.04000092,128.6900024,Late delivery,1,18
PAYMENT,6,4,3.859999895,128.6900024,Late delivery,1,18
PAYMENT,6,4,57.90999985,128.6900024,Late delivery,1,18
PAYMENT,2,4,29.70000076,59.38999939,Advance shipping,0,17
PAYMENT,4,4,15.43999958,59.38999939,Shipping on time,0,17
PAYMENT,3,4,36.02999878,128.6900024,Advance shipping,0,18
PAYMENT,5,4,54.04999924,128.6900024,Late delivery,1,18
PAYMENT,2,4,-1.659999967,127.3899994,Advance shipping,0,18
PAYMENT,6,4,6.639999866,58.79000092,Late delivery,1,17
PAYMENT,6,4,38.22000122,127.3899994,Late delivery,1,18
PAYMENT,5,4,28.65999985,127.3899994,Late delivery,1,18
PAYMENT,6,4,35.66999817,127.3899994,Late delivery,1,18
PAYMENT,4,4,41.40000153,127.3899994,Shipping on time,0,18
PAYMENT,5,4,59.86999893,127.3899994,Late delivery,1,18
PAYMENT,5,4,38.22000122,127.3899994,Late delivery,1,18
PAYMENT,6,4,36.5699997,126.0899963,Late delivery,1,18
PAYMENT,6,4,45.77000046,126.0899963,Late delivery,1,18
PAYMENT,4,4,40.97999954,126.0899963,Shipping on time,0,18
PAYMENT,4,4,-23.70000076,126.0899963,Shipping on time,0,18
PAYMENT,3,4,5.820000172,58.18999863,Advance shipping,0,17
PAYMENT,4,4,60.52000046,126.0899963,Shipping on time,0,18
PAYMENT,2,4,2.519999981,126.0899963,Advance shipping,0,18
PAYMENT,6,4,43.68000031,124.7900009,Late delivery,1,18
PAYMENT,4,4,10.97999954,124.7900009,Shipping on time,0,18
PAYMENT,6,4,37.43999863,124.7900009,Late delivery,1,18
PAYMENT,4,4,46.79999924,124.7900009,Shipping on time,0,18
PAYMENT,6,4,-475.1799927,287.9899902,Late delivery,1,17
PAYMENT,2,4,56.15999985,124.7900009,Advance shipping,0,18
PAYMENT,2,4,57.40000153,124.7900009,Advance shipping,0,18
PAYMENT,6,4,37.43999863,124.7900009,Late delivery,1,18
PAYMENT,6,4,6.170000076,123.4899979,Late delivery,1,18
PAYMENT,5,4,46.31000137,123.4899979,Late delivery,1,18
PAYMENT,6,4,122.75,438.4100037,Late delivery,1,66
PAYMENT,2,4,0,123.4899979,Advance shipping,0,18
PAYMENT,2,4,-13.94999981,123.4899979,Advance shipping,0,18
PAYMENT,4,4,26.63999939,56.68999863,Shipping on time,0,17
PAYMENT,2,4,-23.95999908,337.4599915,Advance shipping,0,63
PAYMENT,4,4,7.369999886,122.8399963,Shipping on time,0,18
PAYMENT,4,4,-11.15999985,55.79000092,Shipping on time,0,17
PAYMENT,3,4,45.33000183,120.8899994,Advance shipping,0,18
PAYMENT,4,4,-199.4700012,120.8899994,Shipping on time,0,18
PAYMENT,2,4,12.09000015,120.8899994,Advance shipping,0,18
PAYMENT,3,4,34.29999924,118.2900009,Advance shipping,0,18
PAYMENT,6,4,11.63000011,54.59000015,Late delivery,1,17
PAYMENT,4,4,57.95999908,118.2900009,Shipping on time,0,18
PAYMENT,6,4,-5.909999847,118.2900009,Late delivery,1,18
PAYMENT,4,4,-39.97999954,118.2900009,Shipping on time,0,18
PAYMENT,5,4,1.419999957,118.2900009,Late delivery,1,18
PAYMENT,4,4,42.11999893,116.9899979,Shipping on time,0,18
PAYMENT,6,4,14.03999996,116.9899979,Late delivery,1,18
PAYMENT,6,4,24.5699997,116.9899979,Late delivery,1,18
PAYMENT,4,4,56.15999985,116.9899979,Shipping on time,0,18
PAYMENT,4,4,-40.49000168,52.79000092,Shipping on time,0,17
PAYMENT,2,4,21.72999954,114.3899994,Advance shipping,0,18
PAYMENT,6,4,-200.1799927,114.3899994,Late delivery,1,18
PAYMENT,4,4,22.95999908,52.18999863,Shipping on time,0,17
PAYMENT,5,4,105.5899963,401.4899902,Late delivery,1,66
PAYMENT,3,4,11.05000019,110.4899979,Advance shipping,0,18
PAYMENT,2,4,29.82999992,110.4899979,Advance shipping,0,18
PAYMENT,5,4,18.51000023,50.99000168,Late delivery,1,17
PAYMENT,3,4,19.34000015,110.4899979,Advance shipping,0,18
PAYMENT,5,4,11.05000019,110.4899979,Late delivery,1,18
PAYMENT,5,4,23.18000031,50.38999939,Late delivery,1,17
PAYMENT,5,4,18.55999947,109.1900024,Late delivery,1,18
PAYMENT,5,4,25.20000076,50.38999939,Late delivery,1,17
PAYMENT,6,4,8.18999958,109.1900024,Late delivery,1,18
DEBIT,6,2,12.18999958,107.8899994,Late delivery,1,18
DEBIT,3,2,39.15999985,107.8899994,Late delivery,1,18
DEBIT,3,2,13.48999977,107.8899994,Late delivery,1,18
DEBIT,4,2,17.43000031,49.79000092,Late delivery,1,17
DEBIT,2,2,-82.16000366,49.79000092,Shipping on time,0,17
DEBIT,5,2,37.75999832,107.8899994,Late delivery,1,18
DEBIT,2,2,36.68000031,107.8899994,Shipping on time,0,18
DEBIT,6,2,12.03999996,106.5899963,Late delivery,1,18
DEBIT,5,2,125.9100037,292.8200073,Late delivery,1,63
DEBIT,3,2,96.62999725,292.8200073,Late delivery,1,63
DEBIT,4,2,5.329999924,106.5899963,Late delivery,1,18
DEBIT,6,2,52.22999954,106.5899963,Late delivery,1,18
DEBIT,2,2,10.65999985,106.5899963,Shipping on time,0,18
DEBIT,6,2,9.380000114,106.5899963,Late delivery,1,18
DEBIT,4,2,-3.950000048,103.9899979,Late delivery,1,18
DEBIT,6,2,11.43999958,103.9899979,Late delivery,1,18
DEBIT,3,2,32.27999878,285.6799927,Late delivery,1,63
DEBIT,4,2,50.95999908,103.9899979,Late delivery,1,18
DEBIT,4,2,139.9799957,285.6799927,Late delivery,1,63
DEBIT,6,2,30.15999985,103.9899979,Late delivery,1,18
DEBIT,5,2,-14.61999989,97.48999786,Late delivery,1,18
DEBIT,6,2,14.61999989,44.99000168,Late delivery,1,17
DEBIT,3,2,25.35000038,97.48999786,Late delivery,1,18
DEBIT,6,2,3.519999981,39.99000168,Late delivery,1,29
DEBIT,6,2,-8.069999695,49.5,Late delivery,1,24
DEBIT,5,2,-0.50999999,39.59000015,Late delivery,1,29
DEBIT,2,2,-3.279999971,49,Shipping on time,0,24
DEBIT,5,2,23.28000069,48.5,Late delivery,1,24
DEBIT,5,2,-10.80000019,48,Late delivery,1,24
DEBIT,4,2,16.79999924,48,Late delivery,1,24
DEBIT,4,2,21.60000038,48,Late delivery,1,24
DEBIT,3,2,4.179999828,47.5,Late delivery,1,24
DEBIT,2,2,4.75,47.5,Shipping on time,0,24
DEBIT,4,2,3.779999971,37.79000092,Late delivery,1,29
DEBIT,4,2,8.659999847,36.38999939,Late delivery,1,29
DEBIT,6,2,12.73999977,36.38999939,Late delivery,1,29
DEBIT,6,2,21.14999962,45,Late delivery,1,24
DEBIT,3,2,2.640000105,35.18999863,Late delivery,1,29
DEBIT,6,2,1.909999967,25.5,Late delivery,1,26
DEBIT,6,2,5.099999905,33.99000168,Late delivery,1,29
DEBIT,4,2,13.76000023,31.98999977,Late delivery,1,29
DEBIT,2,2,6.400000095,40,Shipping on time,0,24
DEBIT,4,2,9.100000381,19.79000092,Late delivery,1,36
DEBIT,4,2,8.729999542,24.23999977,Late delivery,1,40
DEBIT,5,2,48.02999878,100.0500031,Late delivery,1,38
DEBIT,2,2,45.5,363.9899902,Shipping on time,0,38
DEBIT,3,2,1.919999957,16.98999977,Late delivery,1,36
DEBIT,6,2,-4.909999847,169.1499939,Late delivery,1,38
DEBIT,4,2,15,299.980011,Late delivery,1,43
DEBIT,6,2,-679.9699707,399.980011,Late delivery,1,45
DEBIT,2,2,199.9900055,399.980011,Shipping on time,0,45
DEBIT,4,2,-22.27000046,296.980011,Late delivery,1,43
DEBIT,4,2,85.25,293.980011,Late delivery,1,43
DEBIT,2,2,0,391.980011,Shipping on time,0,45
DEBIT,6,2,136.7599945,290.980011,Late delivery,1,43
DEBIT,5,2,-451.019989,290.980011,Late delivery,1,43
DEBIT,4,2,-590.3599854,287.980011,Late delivery,1,43
DEBIT,6,2,-268.7900085,383.980011,Late delivery,1,45
DEBIT,5,2,184.3099976,383.980011,Late delivery,1,45
DEBIT,3,2,72,287.980011,Late delivery,1,43
DEBIT,6,2,-12.67000008,287.980011,Late delivery,1,43
DEBIT,3,2,60.47999954,287.980011,Late delivery,1,43
DEBIT,6,2,129.7899933,383.980011,Late delivery,1,45
DEBIT,6,2,60.13000107,284.980011,Late delivery,1,43
DEBIT,4,2,11.39999962,379.980011,Late delivery,1,45
DEBIT,3,2,110.5599976,283.480011,Late delivery,1,43
DEBIT,6,2,133.2400055,283.480011,Late delivery,1,43
DEBIT,2,2,24.95000076,283.480011,Shipping on time,0,43
DEBIT,6,2,111.5899963,278.980011,Late delivery,1,43
DEBIT,5,2,128.3300018,278.980011,Late delivery,1,43
DEBIT,5,2,145.0700073,371.980011,Late delivery,1,45
DEBIT,2,2,131.1199951,278.980011,Shipping on time,0,43
DEBIT,4,2,167.4299927,363.980011,Late delivery,1,45
DEBIT,6,2,-91,363.980011,Late delivery,1,45
DEBIT,4,2,88.72000122,272.980011,Late delivery,1,43
DEBIT,2,2,-409.4700012,272.980011,Shipping on time,0,43
DEBIT,2,2,-266.7999878,363.980011,Shipping on time,0,45
DEBIT,6,2,167.4299927,363.980011,Late delivery,1,45
DEBIT,2,2,-197.8999939,269.980011,Shipping on time,0,43
DEBIT,4,2,94.48999786,269.980011,Late delivery,1,43
DEBIT,6,2,176.3899994,359.980011,Late delivery,1,45
DEBIT,3,2,78.29000092,269.980011,Late delivery,1,43
DEBIT,4,2,-10.26000023,269.980011,Late delivery,1,43
DEBIT,2,2,22.68000031,359.980011,Shipping on time,0,45
DEBIT,6,2,4.320000172,359.980011,Late delivery,1,45
DEBIT,3,2,26.39999962,263.980011,Late delivery,1,43
DEBIT,2,2,74.97000122,351.980011,Shipping on time,0,45
